{
	"class_name" : "PinholeCameraParameters",
	"extrinsic" : 
	[
		0.32302149910349404,
		0.8940303262899455,
		0.31043016411235747,
		0.0,
		-0.77962435472589797,
		0.43732963337441816,
		-0.44825066345832032,
		0.0,
		-0.53650999677094446,
		-0.097224315099108866,
		0.83827469001416854,
		0.0,
		-66.89222619774219,
		-12.121956564971059,
		115.71712812448277,
		1.0
	],
	"intrinsic" : 
	{
		"height" : 1080,
		"intrinsic_matrix" : 
		[
			935.30743608719376,
			0.0,
			0.0,
			0.0,
			935.30743608719376,
			0.0,
			959.5,
			539.5,
			1.0
		],
		"width" : 1920
	},
	"version_major" : 1,
	"version_minor" : 0
}