{"axis_max": -67.38736219707113, "axis_min": -184.09509720812244, "bounding_polygon": [[10.62, 0.0, 0.0], [10.62, 0.09, 0.0], [10.61, 0.19, 0.0], [10.61, 0.28, 0.0], [10.59, 0.37, 0.0], [10.58, 0.46, 0.0], [10.56, 0.55, 0.0], [10.54, 0.64, 0.0], [10.52, 0.73, 0.0], [10.49, 0.82, 0.0], [10.46, 0.91, 0.0], [10.43, 1.0, 0.0], [10.39, 1.08, 0.0], [10.35, 1.17, 0.0], [10.31, 1.25, 0.0], [10.26, 1.33, 0.0], [10.22, 1.41, 0.0], [10.17, 1.49, 0.0], [10.11, 1.56, 0.0], [10.06, 1.64, 0.0], [10.0, 1.71, 0.0], [9.94, 1.78, 0.0], [9.87, 1.85, 0.0], [9.81, 1.91, 0.0], [9.74, 1.98, 0.0], [9.67, 2.04, 0.0], [9.6, 2.1, 0.0], [9.52, 2.15, 0.0], [9.45, 2.21, 0.0], [9.37, 2.26, 0.0], [9.29, 2.3, 0.0], [9.21, 2.35, 0.0], [9.13, 2.39, 0.0], [9.04, 2.43, 0.0], [8.96, 2.47, 0.0], [8.87, 2.5, 0.0], [8.78, 2.53, 0.0], [8.69, 2.56, 0.0], [8.6, 2.58, 0.0], [8.51, 2.6, 0.0], [8.42, 2.62, 0.0], [8.33, 2.63, 0.0], [8.24, 2.65, 0.0], [8.15, 2.65, 0.0], [8.05, 2.66, 0.0], [7.96, 2.66, 0.0], [7.87, 2.66, 0.0], [7.77, 2.65, 0.0], [7.68, 2.65, 0.0], [7.59, 2.63, 0.0], [7.5, 2.62, 0.0], [7.41, 2.6, 0.0], [7.32, 2.58, 0.0], [7.23, 2.56, 0.0], [7.14, 2.53, 0.0], [7.05, 2.5, 0.0], [6.96, 2.47, 0.0], [6.88, 2.43, 0.0], [6.79, 2.39, 0.0], [6.71, 2.35, 0.0], [6.63, 2.3, 0.0], [6.55, 2.26, 0.0], [6.47, 2.21, 0.0], [6.4, 2.15, 0.0], [6.32, 2.1, 0.0], [6.25, 2.04, 0.0], [6.18, 1.98, 0.0], [6.11, 1.91, 0.0], [6.05, 1.85, 0.0], [5.98, 1.78, 0.0], [5.92, 1.71, 0.0], [5.86, 1.64, 0.0], [5.81, 1.56, 0.0], [5.75, 1.49, 0.0], [5.7, 1.41, 0.0], [5.66, 1.33, 0.0], [5.61, 1.25, 0.0], [5.57, 1.17, 0.0], [5.53, 1.08, 0.0], [5.49, 1.0, 0.0], [5.46, 0.91, 0.0], [5.43, 0.82, 0.0], [5.4, 0.73, 0.0], [5.38, 0.64, 0.0], [5.36, 0.55, 0.0], [5.34, 0.46, 0.0], [5.33, 0.37, 0.0], [5.31, 0.28, 0.0], [5.31, 0.19, 0.0], [5.3, 0.09, 0.0], [5.3, 0.0, 0.0], [5.3, -0.09, 0.0], [5.31, -0.19, 0.0], [5.31, -0.28, 0.0], [5.33, -0.37, 0.0], [5.34, -0.46, 0.0], [5.36, -0.55, 0.0], [5.38, -0.64, 0.0], [5.4, -0.73, 0.0], [5.43, -0.82, 0.0], [5.46, -0.91, 0.0], [5.49, -1.0, 0.0], [5.53, -1.08, 0.0], [5.57, -1.17, 0.0], [5.61, -1.25, 0.0], [5.66, -1.33, 0.0], [5.7, -1.41, 0.0], [5.75, -1.49, 0.0], [5.81, -1.56, 0.0], [5.86, -1.64, 0.0], [5.92, -1.71, 0.0], [5.98, -1.78, 0.0], [6.05, -1.85, 0.0], [6.11, -1.91, 0.0], [6.18, -1.98, 0.0], [6.25, -2.04, 0.0], [6.32, -2.1, 0.0], [6.4, -2.15, 0.0], [6.47, -2.21, 0.0], [6.55, -2.26, 0.0], [6.63, -2.3, 0.0], [6.71, -2.35, 0.0], [6.79, -2.39, 0.0], [6.88, -2.43, 0.0], [6.96, -2.47, 0.0], [7.05, -2.5, 0.0], [7.14, -2.53, 0.0], [7.23, -2.56, 0.0], [7.32, -2.58, 0.0], [7.41, -2.6, 0.0], [7.5, -2.62, 0.0], [7.59, -2.63, 0.0], [7.68, -2.65, 0.0], [7.77, -2.65, 0.0], [7.87, -2.66, 0.0], [7.96, -2.66, 0.0], [8.05, -2.66, 0.0], [8.15, -2.65, 0.0], [8.24, -2.65, 0.0], [8.33, -2.63, 0.0], [8.42, -2.62, 0.0], [8.51, -2.6, 0.0], [8.6, -2.58, 0.0], [8.69, -2.56, 0.0], [8.78, -2.53, 0.0], [8.87, -2.5, 0.0], [8.96, -2.47, 0.0], [9.04, -2.43, 0.0], [9.13, -2.39, 0.0], [9.21, -2.35, 0.0], [9.29, -2.3, 0.0], [9.37, -2.26, 0.0], [9.45, -2.21, 0.0], [9.52, -2.15, 0.0], [9.6, -2.1, 0.0], [9.67, -2.04, 0.0], [9.74, -1.98, 0.0], [9.81, -1.91, 0.0], [9.87, -1.85, 0.0], [9.94, -1.78, 0.0], [10.0, -1.71, 0.0], [10.06, -1.64, 0.0], [10.11, -1.56, 0.0], [10.17, -1.49, 0.0], [10.22, -1.41, 0.0], [10.26, -1.33, 0.0], [10.31, -1.25, 0.0], [10.35, -1.17, 0.0], [10.39, -1.08, 0.0], [10.43, -1.0, 0.0], [10.46, -0.91, 0.0], [10.49, -0.82, 0.0], [10.52, -0.73, 0.0], [10.54, -0.64, 0.0], [10.56, -0.55, 0.0], [10.58, -0.46, 0.0], [10.59, -0.37, 0.0], [10.61, -0.28, 0.0], [10.61, -0.19, 0.0], [10.62, -0.09, 0.0], [10.62, -0.0, 0.0], [10.62, 0.09, 0.0], [10.61, 0.19, 0.0]], "class_name": "SelectionPolygonVolume", "orthogonal_axis": "Z", "version_major": 1, "version_minor": 0}