{"axis_max": -67.38736219707113, "axis_min": -184.09509720812244, "bounding_polygon": [[6.28, 10.56, 0.0], [6.28, 10.77, 0.0], [6.27, 10.98, 0.0], [6.25, 11.19, 0.0], [6.22, 11.4, 0.0], [6.19, 11.61, 0.0], [6.15, 11.81, 0.0], [6.1, 12.02, 0.0], [6.05, 12.22, 0.0], [5.99, 12.42, 0.0], [5.92, 12.62, 0.0], [5.84, 12.82, 0.0], [5.76, 13.01, 0.0], [5.67, 13.2, 0.0], [5.58, 13.39, 0.0], [5.47, 13.57, 0.0], [5.37, 13.75, 0.0], [5.25, 13.93, 0.0], [5.13, 14.1, 0.0], [5.0, 14.27, 0.0], [4.87, 14.43, 0.0], [4.73, 14.59, 0.0], [4.59, 14.74, 0.0], [4.44, 14.89, 0.0], [4.29, 15.03, 0.0], [4.13, 15.17, 0.0], [3.97, 15.3, 0.0], [3.8, 15.43, 0.0], [3.63, 15.55, 0.0], [3.45, 15.67, 0.0], [3.27, 15.77, 0.0], [3.09, 15.88, 0.0], [2.9, 15.97, 0.0], [2.71, 16.06, 0.0], [2.52, 16.14, 0.0], [2.32, 16.22, 0.0], [2.12, 16.29, 0.0], [1.92, 16.35, 0.0], [1.72, 16.4, 0.0], [1.51, 16.45, 0.0], [1.31, 16.49, 0.0], [1.1, 16.52, 0.0], [0.89, 16.55, 0.0], [0.68, 16.57, 0.0], [0.47, 16.58, 0.0], [0.26, 16.58, 0.0], [0.05, 16.58, 0.0], [-0.16, 16.57, 0.0], [-0.37, 16.55, 0.0], [-0.58, 16.52, 0.0], [-0.79, 16.49, 0.0], [-0.99, 16.45, 0.0], [-1.2, 16.4, 0.0], [-1.4, 16.35, 0.0], [-1.6, 16.29, 0.0], [-1.8, 16.22, 0.0], [-2.0, 16.14, 0.0], [-2.19, 16.06, 0.0], [-2.38, 15.97, 0.0], [-2.57, 15.88, 0.0], [-2.75, 15.77, 0.0], [-2.93, 15.67, 0.0], [-3.11, 15.55, 0.0], [-3.28, 15.43, 0.0], [-3.45, 15.3, 0.0], [-3.61, 15.17, 0.0], [-3.77, 15.03, 0.0], [-3.92, 14.89, 0.0], [-4.07, 14.74, 0.0], [-4.21, 14.59, 0.0], [-4.35, 14.43, 0.0], [-4.48, 14.27, 0.0], [-4.61, 14.1, 0.0], [-4.73, 13.93, 0.0], [-4.85, 13.75, 0.0], [-4.95, 13.57, 0.0], [-5.06, 13.39, 0.0], [-5.15, 13.2, 0.0], [-5.24, 13.01, 0.0], [-5.32, 12.82, 0.0], [-5.4, 12.62, 0.0], [-5.47, 12.42, 0.0], [-5.53, 12.22, 0.0], [-5.58, 12.02, 0.0], [-5.63, 11.81, 0.0], [-5.67, 11.61, 0.0], [-5.7, 11.4, 0.0], [-5.73, 11.19, 0.0], [-5.75, 10.98, 0.0], [-5.76, 10.77, 0.0], [-5.76, 10.56, 0.0], [-5.76, 10.35, 0.0], [-5.75, 10.14, 0.0], [-5.73, 9.93, 0.0], [-5.7, 9.72, 0.0], [-5.67, 9.51, 0.0], [-5.63, 9.31, 0.0], [-5.58, 9.1, 0.0], [-5.53, 8.9, 0.0], [-5.47, 8.7, 0.0], [-5.4, 8.5, 0.0], [-5.32, 8.3, 0.0], [-5.24, 8.11, 0.0], [-5.15, 7.92, 0.0], [-5.06, 7.73, 0.0], [-4.95, 7.55, 0.0], [-4.85, 7.37, 0.0], [-4.73, 7.19, 0.0], [-4.61, 7.02, 0.0], [-4.48, 6.85, 0.0], [-4.35, 6.69, 0.0], [-4.21, 6.53, 0.0], [-4.07, 6.38, 0.0], [-3.92, 6.23, 0.0], [-3.77, 6.09, 0.0], [-3.61, 5.95, 0.0], [-3.45, 5.82, 0.0], [-3.28, 5.69, 0.0], [-3.11, 5.57, 0.0], [-2.93, 5.45, 0.0], [-2.75, 5.35, 0.0], [-2.57, 5.24, 0.0], [-2.38, 5.15, 0.0], [-2.19, 5.06, 0.0], [-2.0, 4.98, 0.0], [-1.8, 4.9, 0.0], [-1.6, 4.83, 0.0], [-1.4, 4.77, 0.0], [-1.2, 4.72, 0.0], [-0.99, 4.67, 0.0], [-0.79, 4.63, 0.0], [-0.58, 4.6, 0.0], [-0.37, 4.57, 0.0], [-0.16, 4.55, 0.0], [0.05, 4.54, 0.0], [0.26, 4.54, 0.0], [0.47, 4.54, 0.0], [0.68, 4.55, 0.0], [0.89, 4.57, 0.0], [1.1, 4.6, 0.0], [1.31, 4.63, 0.0], [1.51, 4.67, 0.0], [1.72, 4.72, 0.0], [1.92, 4.77, 0.0], [2.12, 4.83, 0.0], [2.32, 4.9, 0.0], [2.52, 4.98, 0.0], [2.71, 5.06, 0.0], [2.9, 5.15, 0.0], [3.09, 5.24, 0.0], [3.27, 5.35, 0.0], [3.45, 5.45, 0.0], [3.63, 5.57, 0.0], [3.8, 5.69, 0.0], [3.97, 5.82, 0.0], [4.13, 5.95, 0.0], [4.29, 6.09, 0.0], [4.44, 6.23, 0.0], [4.59, 6.38, 0.0], [4.73, 6.53, 0.0], [4.87, 6.69, 0.0], [5.0, 6.85, 0.0], [5.13, 7.02, 0.0], [5.25, 7.19, 0.0], [5.37, 7.37, 0.0], [5.47, 7.55, 0.0], [5.58, 7.73, 0.0], [5.67, 7.92, 0.0], [5.76, 8.11, 0.0], [5.84, 8.3, 0.0], [5.92, 8.5, 0.0], [5.99, 8.7, 0.0], [6.05, 8.9, 0.0], [6.1, 9.1, 0.0], [6.15, 9.31, 0.0], [6.19, 9.51, 0.0], [6.22, 9.72, 0.0], [6.25, 9.93, 0.0], [6.27, 10.14, 0.0], [6.28, 10.35, 0.0], [6.28, 10.56, 0.0], [6.28, 10.77, 0.0], [6.27, 10.98, 0.0]], "class_name": "SelectionPolygonVolume", "orthogonal_axis": "Z", "version_major": 1, "version_minor": 0}