{"axis_max": -67.38736219707113, "axis_min": -184.09509720812244, "bounding_polygon": [[14.25, 2.32, 0.0], [14.25, 2.59, 0.0], [14.23, 2.87, 0.0], [14.21, 3.14, 0.0], [14.17, 3.41, 0.0], [14.13, 3.68, 0.0], [14.08, 3.95, 0.0], [14.02, 4.22, 0.0], [13.95, 4.49, 0.0], [13.87, 4.75, 0.0], [13.78, 5.01, 0.0], [13.68, 5.26, 0.0], [13.57, 5.52, 0.0], [13.45, 5.77, 0.0], [13.33, 6.01, 0.0], [13.2, 6.25, 0.0], [13.06, 6.49, 0.0], [12.91, 6.72, 0.0], [12.75, 6.94, 0.0], [12.58, 7.16, 0.0], [12.41, 7.37, 0.0], [12.23, 7.58, 0.0], [12.04, 7.78, 0.0], [11.85, 7.97, 0.0], [11.65, 8.16, 0.0], [11.44, 8.34, 0.0], [11.23, 8.51, 0.0], [11.01, 8.68, 0.0], [10.79, 8.84, 0.0], [10.56, 8.99, 0.0], [10.32, 9.13, 0.0], [10.08, 9.26, 0.0], [9.84, 9.38, 0.0], [9.59, 9.5, 0.0], [9.33, 9.61, 0.0], [9.08, 9.71, 0.0], [8.82, 9.8, 0.0], [8.56, 9.88, 0.0], [8.29, 9.95, 0.0], [8.02, 10.01, 0.0], [7.75, 10.06, 0.0], [7.48, 10.1, 0.0], [7.21, 10.14, 0.0], [6.94, 10.16, 0.0], [6.66, 10.18, 0.0], [6.39, 10.18, 0.0], [6.12, 10.18, 0.0], [5.84, 10.16, 0.0], [5.57, 10.14, 0.0], [5.3, 10.1, 0.0], [5.03, 10.06, 0.0], [4.76, 10.01, 0.0], [4.49, 9.95, 0.0], [4.22, 9.88, 0.0], [3.96, 9.8, 0.0], [3.7, 9.71, 0.0], [3.45, 9.61, 0.0], [3.19, 9.5, 0.0], [2.94, 9.38, 0.0], [2.7, 9.26, 0.0], [2.46, 9.13, 0.0], [2.22, 8.99, 0.0], [1.99, 8.84, 0.0], [1.77, 8.68, 0.0], [1.55, 8.51, 0.0], [1.34, 8.34, 0.0], [1.13, 8.16, 0.0], [0.93, 7.97, 0.0], [0.74, 7.78, 0.0], [0.55, 7.58, 0.0], [0.37, 7.37, 0.0], [0.2, 7.16, 0.0], [0.03, 6.94, 0.0], [-0.13, 6.72, 0.0], [-0.28, 6.49, 0.0], [-0.42, 6.25, 0.0], [-0.55, 6.01, 0.0], [-0.67, 5.77, 0.0], [-0.79, 5.52, 0.0], [-0.9, 5.26, 0.0], [-1.0, 5.01, 0.0], [-1.09, 4.75, 0.0], [-1.17, 4.49, 0.0], [-1.24, 4.22, 0.0], [-1.3, 3.95, 0.0], [-1.35, 3.68, 0.0], [-1.39, 3.41, 0.0], [-1.43, 3.14, 0.0], [-1.45, 2.87, 0.0], [-1.47, 2.59, 0.0], [-1.47, 2.32, 0.0], [-1.47, 2.05, 0.0], [-1.45, 1.77, 0.0], [-1.43, 1.5, 0.0], [-1.39, 1.23, 0.0], [-1.35, 0.96, 0.0], [-1.3, 0.69, 0.0], [-1.24, 0.42, 0.0], [-1.17, 0.15, 0.0], [-1.09, -0.11, 0.0], [-1.0, -0.37, 0.0], [-0.9, -0.62, 0.0], [-0.79, -0.88, 0.0], [-0.67, -1.13, 0.0], [-0.55, -1.37, 0.0], [-0.42, -1.61, 0.0], [-0.28, -1.85, 0.0], [-0.13, -2.08, 0.0], [0.03, -2.3, 0.0], [0.2, -2.52, 0.0], [0.37, -2.73, 0.0], [0.55, -2.94, 0.0], [0.74, -3.14, 0.0], [0.93, -3.33, 0.0], [1.13, -3.52, 0.0], [1.34, -3.7, 0.0], [1.55, -3.87, 0.0], [1.77, -4.04, 0.0], [1.99, -4.2, 0.0], [2.22, -4.35, 0.0], [2.46, -4.49, 0.0], [2.7, -4.62, 0.0], [2.94, -4.74, 0.0], [3.19, -4.86, 0.0], [3.45, -4.97, 0.0], [3.7, -5.07, 0.0], [3.96, -5.16, 0.0], [4.22, -5.24, 0.0], [4.49, -5.31, 0.0], [4.76, -5.37, 0.0], [5.03, -5.42, 0.0], [5.3, -5.46, 0.0], [5.57, -5.5, 0.0], [5.84, -5.52, 0.0], [6.12, -5.54, 0.0], [6.39, -5.54, 0.0], [6.66, -5.54, 0.0], [6.94, -5.52, 0.0], [7.21, -5.5, 0.0], [7.48, -5.46, 0.0], [7.75, -5.42, 0.0], [8.02, -5.37, 0.0], [8.29, -5.31, 0.0], [8.56, -5.24, 0.0], [8.82, -5.16, 0.0], [9.08, -5.07, 0.0], [9.33, -4.97, 0.0], [9.59, -4.86, 0.0], [9.84, -4.74, 0.0], [10.08, -4.62, 0.0], [10.32, -4.49, 0.0], [10.56, -4.35, 0.0], [10.79, -4.2, 0.0], [11.01, -4.04, 0.0], [11.23, -3.87, 0.0], [11.44, -3.7, 0.0], [11.65, -3.52, 0.0], [11.85, -3.33, 0.0], [12.04, -3.14, 0.0], [12.23, -2.94, 0.0], [12.41, -2.73, 0.0], [12.58, -2.52, 0.0], [12.75, -2.3, 0.0], [12.91, -2.08, 0.0], [13.06, -1.85, 0.0], [13.2, -1.61, 0.0], [13.33, -1.37, 0.0], [13.45, -1.13, 0.0], [13.57, -0.88, 0.0], [13.68, -0.62, 0.0], [13.78, -0.37, 0.0], [13.87, -0.11, 0.0], [13.95, 0.15, 0.0], [14.02, 0.42, 0.0], [14.08, 0.69, 0.0], [14.13, 0.96, 0.0], [14.17, 1.23, 0.0], [14.21, 1.5, 0.0], [14.23, 1.77, 0.0], [14.25, 2.05, 0.0], [14.25, 2.32, 0.0], [14.25, 2.59, 0.0], [14.23, 2.87, 0.0]], "class_name": "SelectionPolygonVolume", "orthogonal_axis": "Z", "version_major": 1, "version_minor": 0}