{"axis_max": -67.38736219707113, "axis_min": -184.09509720812244, "bounding_polygon": [[14.6, 0.0, 0.0], [14.6, 0.2, 0.0], [14.59, 0.4, 0.0], [14.57, 0.6, 0.0], [14.54, 0.8, 0.0], [14.51, 1.0, 0.0], [14.47, 1.2, 0.0], [14.43, 1.39, 0.0], [14.38, 1.58, 0.0], [14.32, 1.78, 0.0], [14.25, 1.97, 0.0], [14.18, 2.15, 0.0], [14.1, 2.34, 0.0], [14.02, 2.52, 0.0], [13.93, 2.7, 0.0], [13.83, 2.87, 0.0], [13.73, 3.05, 0.0], [13.62, 3.22, 0.0], [13.5, 3.38, 0.0], [13.38, 3.54, 0.0], [13.25, 3.7, 0.0], [13.12, 3.85, 0.0], [12.99, 3.99, 0.0], [12.84, 4.14, 0.0], [12.7, 4.27, 0.0], [12.55, 4.4, 0.0], [12.39, 4.53, 0.0], [12.23, 4.65, 0.0], [12.07, 4.77, 0.0], [11.9, 4.88, 0.0], [11.72, 4.98, 0.0], [11.55, 5.08, 0.0], [11.37, 5.17, 0.0], [11.19, 5.25, 0.0], [11.0, 5.33, 0.0], [10.82, 5.4, 0.0], [10.63, 5.47, 0.0], [10.43, 5.53, 0.0], [10.24, 5.58, 0.0], [10.05, 5.62, 0.0], [9.85, 5.66, 0.0], [9.65, 5.69, 0.0], [9.45, 5.72, 0.0], [9.25, 5.74, 0.0], [9.05, 5.75, 0.0], [8.85, 5.75, 0.0], [8.65, 5.75, 0.0], [8.45, 5.74, 0.0], [8.25, 5.72, 0.0], [8.05, 5.69, 0.0], [7.85, 5.66, 0.0], [7.65, 5.62, 0.0], [7.46, 5.58, 0.0], [7.27, 5.53, 0.0], [7.07, 5.47, 0.0], [6.88, 5.4, 0.0], [6.7, 5.33, 0.0], [6.51, 5.25, 0.0], [6.33, 5.17, 0.0], [6.15, 5.08, 0.0], [5.98, 4.98, 0.0], [5.8, 4.88, 0.0], [5.63, 4.77, 0.0], [5.47, 4.65, 0.0], [5.31, 4.53, 0.0], [5.15, 4.4, 0.0], [5.0, 4.27, 0.0], [4.86, 4.14, 0.0], [4.71, 3.99, 0.0], [4.58, 3.85, 0.0], [4.45, 3.7, 0.0], [4.32, 3.54, 0.0], [4.2, 3.38, 0.0], [4.08, 3.22, 0.0], [3.97, 3.05, 0.0], [3.87, 2.87, 0.0], [3.77, 2.7, 0.0], [3.68, 2.52, 0.0], [3.6, 2.34, 0.0], [3.52, 2.15, 0.0], [3.45, 1.97, 0.0], [3.38, 1.78, 0.0], [3.32, 1.58, 0.0], [3.27, 1.39, 0.0], [3.23, 1.2, 0.0], [3.19, 1.0, 0.0], [3.16, 0.8, 0.0], [3.13, 0.6, 0.0], [3.11, 0.4, 0.0], [3.1, 0.2, 0.0], [3.1, 0.0, 0.0], [3.1, -0.2, 0.0], [3.11, -0.4, 0.0], [3.13, -0.6, 0.0], [3.16, -0.8, 0.0], [3.19, -1.0, 0.0], [3.23, -1.2, 0.0], [3.27, -1.39, 0.0], [3.32, -1.58, 0.0], [3.38, -1.78, 0.0], [3.45, -1.97, 0.0], [3.52, -2.15, 0.0], [3.6, -2.34, 0.0], [3.68, -2.52, 0.0], [3.77, -2.7, 0.0], [3.87, -2.88, 0.0], [3.97, -3.05, 0.0], [4.08, -3.22, 0.0], [4.2, -3.38, 0.0], [4.32, -3.54, 0.0], [4.45, -3.7, 0.0], [4.58, -3.85, 0.0], [4.71, -3.99, 0.0], [4.86, -4.14, 0.0], [5.0, -4.27, 0.0], [5.15, -4.4, 0.0], [5.31, -4.53, 0.0], [5.47, -4.65, 0.0], [5.63, -4.77, 0.0], [5.8, -4.88, 0.0], [5.97, -4.98, 0.0], [6.15, -5.08, 0.0], [6.33, -5.17, 0.0], [6.51, -5.25, 0.0], [6.7, -5.33, 0.0], [6.88, -5.4, 0.0], [7.07, -5.47, 0.0], [7.27, -5.53, 0.0], [7.46, -5.58, 0.0], [7.65, -5.62, 0.0], [7.85, -5.66, 0.0], [8.05, -5.69, 0.0], [8.25, -5.72, 0.0], [8.45, -5.74, 0.0], [8.65, -5.75, 0.0], [8.85, -5.75, 0.0], [9.05, -5.75, 0.0], [9.25, -5.74, 0.0], [9.45, -5.72, 0.0], [9.65, -5.69, 0.0], [9.85, -5.66, 0.0], [10.05, -5.62, 0.0], [10.24, -5.58, 0.0], [10.43, -5.53, 0.0], [10.63, -5.47, 0.0], [10.82, -5.4, 0.0], [11.0, -5.33, 0.0], [11.19, -5.25, 0.0], [11.37, -5.17, 0.0], [11.55, -5.08, 0.0], [11.72, -4.98, 0.0], [11.9, -4.88, 0.0], [12.07, -4.77, 0.0], [12.23, -4.65, 0.0], [12.39, -4.53, 0.0], [12.55, -4.4, 0.0], [12.7, -4.27, 0.0], [12.84, -4.14, 0.0], [12.99, -3.99, 0.0], [13.12, -3.85, 0.0], [13.25, -3.7, 0.0], [13.38, -3.54, 0.0], [13.5, -3.38, 0.0], [13.62, -3.22, 0.0], [13.73, -3.05, 0.0], [13.83, -2.88, 0.0], [13.93, -2.7, 0.0], [14.02, -2.52, 0.0], [14.1, -2.34, 0.0], [14.18, -2.15, 0.0], [14.25, -1.97, 0.0], [14.32, -1.78, 0.0], [14.38, -1.58, 0.0], [14.43, -1.39, 0.0], [14.47, -1.2, 0.0], [14.51, -1.0, 0.0], [14.54, -0.8, 0.0], [14.57, -0.6, 0.0], [14.59, -0.4, 0.0], [14.6, -0.2, 0.0], [14.6, -0.0, 0.0], [14.6, 0.2, 0.0], [14.59, 0.4, 0.0]], "class_name": "SelectionPolygonVolume", "orthogonal_axis": "Z", "version_major": 1, "version_minor": 0}