{"axis_max": -67.38736219707113, "axis_min": -184.09509720812244, "bounding_polygon": [[14.92, 0.0, 0.0], [14.91, 0.49, 0.0], [14.89, 0.99, 0.0], [14.84, 1.48, 0.0], [14.78, 1.97, 0.0], [14.71, 2.45, 0.0], [14.61, 2.94, 0.0], [14.5, 3.42, 0.0], [14.37, 3.89, 0.0], [14.23, 4.37, 0.0], [14.07, 4.83, 0.0], [13.89, 5.29, 0.0], [13.7, 5.75, 0.0], [13.49, 6.19, 0.0], [13.27, 6.63, 0.0], [13.03, 7.06, 0.0], [12.77, 7.49, 0.0], [12.5, 7.9, 0.0], [12.22, 8.31, 0.0], [11.92, 8.7, 0.0], [11.61, 9.08, 0.0], [11.29, 9.45, 0.0], [10.95, 9.82, 0.0], [10.61, 10.16, 0.0], [10.24, 10.5, 0.0], [9.87, 10.82, 0.0], [9.49, 11.13, 0.0], [9.1, 11.43, 0.0], [8.69, 11.71, 0.0], [8.28, 11.98, 0.0], [7.86, 12.24, 0.0], [7.42, 12.48, 0.0], [6.98, 12.7, 0.0], [6.54, 12.91, 0.0], [6.08, 13.1, 0.0], [5.62, 13.28, 0.0], [5.16, 13.44, 0.0], [4.68, 13.58, 0.0], [4.21, 13.71, 0.0], [3.73, 13.82, 0.0], [3.24, 13.92, 0.0], [2.76, 13.99, 0.0], [2.27, 14.05, 0.0], [1.78, 14.1, 0.0], [1.28, 14.12, 0.0], [0.79, 14.13, 0.0], [0.3, 14.12, 0.0], [-0.2, 14.1, 0.0], [-0.69, 14.05, 0.0], [-1.18, 13.99, 0.0], [-1.66, 13.92, 0.0], [-2.15, 13.82, 0.0], [-2.63, 13.71, 0.0], [-3.1, 13.58, 0.0], [-3.58, 13.44, 0.0], [-4.04, 13.28, 0.0], [-4.5, 13.1, 0.0], [-4.96, 12.91, 0.0], [-5.4, 12.7, 0.0], [-5.84, 12.48, 0.0], [-6.27, 12.24, 0.0], [-6.7, 11.98, 0.0], [-7.11, 11.71, 0.0], [-7.52, 11.43, 0.0], [-7.91, 11.13, 0.0], [-8.29, 10.82, 0.0], [-8.66, 10.5, 0.0], [-9.03, 10.16, 0.0], [-9.37, 9.82, 0.0], [-9.71, 9.45, 0.0], [-10.03, 9.08, 0.0], [-10.34, 8.7, 0.0], [-10.64, 8.31, 0.0], [-10.92, 7.9, 0.0], [-11.19, 7.49, 0.0], [-11.45, 7.06, 0.0], [-11.69, 6.63, 0.0], [-11.91, 6.19, 0.0], [-12.12, 5.75, 0.0], [-12.31, 5.29, 0.0], [-12.49, 4.83, 0.0], [-12.65, 4.37, 0.0], [-12.79, 3.89, 0.0], [-12.92, 3.42, 0.0], [-13.03, 2.94, 0.0], [-13.13, 2.45, 0.0], [-13.2, 1.97, 0.0], [-13.26, 1.48, 0.0], [-13.31, 0.99, 0.0], [-13.33, 0.49, 0.0], [-13.34, 0.0, 0.0], [-13.33, -0.49, 0.0], [-13.31, -0.99, 0.0], [-13.26, -1.48, 0.0], [-13.2, -1.97, 0.0], [-13.13, -2.45, 0.0], [-13.03, -2.94, 0.0], [-12.92, -3.42, 0.0], [-12.79, -3.89, 0.0], [-12.65, -4.37, 0.0], [-12.49, -4.83, 0.0], [-12.31, -5.29, 0.0], [-12.12, -5.75, 0.0], [-11.91, -6.19, 0.0], [-11.69, -6.63, 0.0], [-11.45, -7.07, 0.0], [-11.19, -7.49, 0.0], [-10.92, -7.9, 0.0], [-10.64, -8.31, 0.0], [-10.34, -8.7, 0.0], [-10.03, -9.08, 0.0], [-9.71, -9.45, 0.0], [-9.37, -9.82, 0.0], [-9.03, -10.16, 0.0], [-8.66, -10.5, 0.0], [-8.29, -10.82, 0.0], [-7.91, -11.13, 0.0], [-7.52, -11.43, 0.0], [-7.11, -11.71, 0.0], [-6.7, -11.98, 0.0], [-6.28, -12.24, 0.0], [-5.84, -12.48, 0.0], [-5.4, -12.7, 0.0], [-4.96, -12.91, 0.0], [-4.5, -13.1, 0.0], [-4.04, -13.28, 0.0], [-3.58, -13.44, 0.0], [-3.1, -13.58, 0.0], [-2.63, -13.71, 0.0], [-2.15, -13.82, 0.0], [-1.66, -13.92, 0.0], [-1.18, -13.99, 0.0], [-0.69, -14.05, 0.0], [-0.2, -14.1, 0.0], [0.3, -14.12, 0.0], [0.79, -14.13, 0.0], [1.28, -14.12, 0.0], [1.78, -14.1, 0.0], [2.27, -14.05, 0.0], [2.76, -13.99, 0.0], [3.24, -13.92, 0.0], [3.73, -13.82, 0.0], [4.21, -13.71, 0.0], [4.68, -13.58, 0.0], [5.16, -13.44, 0.0], [5.62, -13.28, 0.0], [6.08, -13.1, 0.0], [6.54, -12.91, 0.0], [6.98, -12.7, 0.0], [7.42, -12.48, 0.0], [7.86, -12.24, 0.0], [8.28, -11.98, 0.0], [8.69, -11.71, 0.0], [9.1, -11.43, 0.0], [9.49, -11.13, 0.0], [9.87, -10.82, 0.0], [10.24, -10.5, 0.0], [10.61, -10.16, 0.0], [10.95, -9.82, 0.0], [11.29, -9.45, 0.0], [11.61, -9.08, 0.0], [11.92, -8.7, 0.0], [12.22, -8.31, 0.0], [12.5, -7.9, 0.0], [12.77, -7.49, 0.0], [13.03, -7.07, 0.0], [13.27, -6.63, 0.0], [13.49, -6.19, 0.0], [13.7, -5.75, 0.0], [13.89, -5.29, 0.0], [14.07, -4.83, 0.0], [14.23, -4.37, 0.0], [14.37, -3.89, 0.0], [14.5, -3.42, 0.0], [14.61, -2.94, 0.0], [14.71, -2.45, 0.0], [14.78, -1.97, 0.0], [14.84, -1.48, 0.0], [14.89, -0.99, 0.0], [14.91, -0.49, 0.0], [14.92, -0.0, 0.0], [14.91, 0.49, 0.0], [14.89, 0.99, 0.0]], "class_name": "SelectionPolygonVolume", "orthogonal_axis": "Z", "version_major": 1, "version_minor": 0}