{"axis_max": 50.50211546866547, "axis_min": -68.7487920872869, "bounding_polygon": [[28.4, 0.0, 8.5], [28.39, 0.0, 9.35], [28.34, 0.0, 10.19], [28.27, 0.0, 11.03], [28.16, 0.0, 11.87], [28.03, 0.0, 12.71], [27.87, 0.0, 13.54], [27.68, 0.0, 14.37], [27.46, 0.0, 15.18], [27.21, 0.0, 15.99], [26.94, 0.0, 16.79], [26.63, 0.0, 17.58], [26.3, 0.0, 18.36], [25.95, 0.0, 19.13], [25.56, 0.0, 19.88], [25.15, 0.0, 20.62], [24.72, 0.0, 21.35], [24.25, 0.0, 22.06], [23.77, 0.0, 22.75], [23.26, 0.0, 23.43], [22.73, 0.0, 24.09], [22.17, 0.0, 24.73], [21.59, 0.0, 25.35], [21.0, 0.0, 25.94], [20.38, 0.0, 26.52], [19.74, 0.0, 27.08], [19.08, 0.0, 27.61], [18.4, 0.0, 28.12], [17.71, 0.0, 28.6], [17.0, 0.0, 29.07], [16.28, 0.0, 29.5], [15.53, 0.0, 29.91], [14.78, 0.0, 30.3], [14.01, 0.0, 30.65], [13.23, 0.0, 30.98], [12.44, 0.0, 31.29], [11.64, 0.0, 31.56], [10.83, 0.0, 31.81], [10.02, 0.0, 32.03], [9.19, 0.0, 32.22], [8.36, 0.0, 32.38], [7.52, 0.0, 32.51], [6.68, 0.0, 32.62], [5.84, 0.0, 32.69], [5.0, 0.0, 32.74], [4.15, 0.0, 32.75], [3.3, 0.0, 32.74], [2.46, 0.0, 32.69], [1.62, 0.0, 32.62], [0.78, 0.0, 32.51], [-0.06, 0.0, 32.38], [-0.89, 0.0, 32.22], [-1.72, 0.0, 32.03], [-2.53, 0.0, 31.81], [-3.34, 0.0, 31.56], [-4.14, 0.0, 31.29], [-4.93, 0.0, 30.98], [-5.71, 0.0, 30.65], [-6.48, 0.0, 30.3], [-7.23, 0.0, 29.91], [-7.97, 0.0, 29.5], [-8.7, 0.0, 29.07], [-9.41, 0.0, 28.6], [-10.1, 0.0, 28.12], [-10.78, 0.0, 27.61], [-11.44, 0.0, 27.08], [-12.08, 0.0, 26.52], [-12.7, 0.0, 25.94], [-13.29, 0.0, 25.35], [-13.87, 0.0, 24.73], [-14.43, 0.0, 24.09], [-14.96, 0.0, 23.43], [-15.47, 0.0, 22.75], [-15.95, 0.0, 22.06], [-16.42, 0.0, 21.35], [-16.85, 0.0, 20.62], [-17.26, 0.0, 19.88], [-17.65, 0.0, 19.13], [-18.0, 0.0, 18.36], [-18.33, 0.0, 17.58], [-18.64, 0.0, 16.79], [-18.91, 0.0, 15.99], [-19.16, 0.0, 15.18], [-19.38, 0.0, 14.37], [-19.57, 0.0, 13.54], [-19.73, 0.0, 12.71], [-19.86, 0.0, 11.87], [-19.97, 0.0, 11.03], [-20.04, 0.0, 10.19], [-20.09, 0.0, 9.35], [-20.1, 0.0, 8.5], [-20.09, 0.0, 7.65], [-20.04, 0.0, 6.81], [-19.97, 0.0, 5.97], [-19.86, 0.0, 5.13], [-19.73, 0.0, 4.29], [-19.57, 0.0, 3.46], [-19.38, 0.0, 2.63], [-19.16, 0.0, 1.82], [-18.91, 0.0, 1.01], [-18.64, 0.0, 0.21], [-18.33, 0.0, -0.58], [-18.0, 0.0, -1.36], [-17.65, 0.0, -2.13], [-17.26, 0.0, -2.88], [-16.85, 0.0, -3.63], [-16.42, 0.0, -4.35], [-15.95, 0.0, -5.06], [-15.47, 0.0, -5.75], [-14.96, 0.0, -6.43], [-14.43, 0.0, -7.09], [-13.87, 0.0, -7.73], [-13.29, 0.0, -8.35], [-12.7, 0.0, -8.94], [-12.08, 0.0, -9.52], [-11.44, 0.0, -10.08], [-10.78, 0.0, -10.61], [-10.1, 0.0, -11.12], [-9.41, 0.0, -11.6], [-8.7, 0.0, -12.07], [-7.98, 0.0, -12.5], [-7.23, 0.0, -12.91], [-6.48, 0.0, -13.3], [-5.71, 0.0, -13.65], [-4.93, 0.0, -13.98], [-4.14, 0.0, -14.29], [-3.34, 0.0, -14.56], [-2.53, 0.0, -14.81], [-1.72, 0.0, -15.03], [-0.89, 0.0, -15.22], [-0.06, 0.0, -15.38], [0.78, 0.0, -15.51], [1.62, 0.0, -15.62], [2.46, 0.0, -15.69], [3.3, 0.0, -15.74], [4.15, 0.0, -15.75], [5.0, 0.0, -15.74], [5.84, 0.0, -15.69], [6.68, 0.0, -15.62], [7.52, 0.0, -15.51], [8.36, 0.0, -15.38], [9.19, 0.0, -15.22], [10.02, 0.0, -15.03], [10.83, 0.0, -14.81], [11.64, 0.0, -14.56], [12.44, 0.0, -14.29], [13.23, 0.0, -13.98], [14.01, 0.0, -13.65], [14.78, 0.0, -13.3], [15.53, 0.0, -12.91], [16.28, 0.0, -12.5], [17.0, 0.0, -12.07], [17.71, 0.0, -11.6], [18.4, 0.0, -11.12], [19.08, 0.0, -10.61], [19.74, 0.0, -10.08], [20.38, 0.0, -9.52], [21.0, 0.0, -8.94], [21.59, 0.0, -8.35], [22.17, 0.0, -7.73], [22.73, 0.0, -7.09], [23.26, 0.0, -6.43], [23.77, 0.0, -5.75], [24.25, 0.0, -5.06], [24.72, 0.0, -4.35], [25.15, 0.0, -3.63], [25.56, 0.0, -2.88], [25.95, 0.0, -2.13], [26.3, 0.0, -1.36], [26.63, 0.0, -0.58], [26.94, 0.0, 0.21], [27.21, 0.0, 1.01], [27.46, 0.0, 1.82], [27.68, 0.0, 2.63], [27.87, 0.0, 3.46], [28.03, 0.0, 4.29], [28.16, 0.0, 5.13], [28.27, 0.0, 5.97], [28.34, 0.0, 6.81], [28.39, 0.0, 7.65], [28.4, 0.0, 8.5], [28.39, 0.0, 9.35], [28.34, 0.0, 10.19]], "class_name": "SelectionPolygonVolume", "orthogonal_axis": "Y", "version_major": 1, "version_minor": 0}