{"axis_max": -67.38736219707113, "axis_min": -184.09509720812244, "bounding_polygon": [[14.8, -0.46, 0.0], [14.8, -0.2, 0.0], [14.78, 0.06, 0.0], [14.76, 0.33, 0.0], [14.73, 0.59, 0.0], [14.69, 0.85, 0.0], [14.64, 1.1, 0.0], [14.58, 1.36, 0.0], [14.51, 1.61, 0.0], [14.43, 1.86, 0.0], [14.35, 2.11, 0.0], [14.25, 2.36, 0.0], [14.15, 2.6, 0.0], [14.04, 2.84, 0.0], [13.92, 3.07, 0.0], [13.79, 3.3, 0.0], [13.66, 3.52, 0.0], [13.51, 3.75, 0.0], [13.36, 3.96, 0.0], [13.21, 4.17, 0.0], [13.04, 4.37, 0.0], [12.87, 4.57, 0.0], [12.69, 4.76, 0.0], [12.5, 4.95, 0.0], [12.31, 5.13, 0.0], [12.11, 5.3, 0.0], [11.91, 5.47, 0.0], [11.7, 5.62, 0.0], [11.49, 5.77, 0.0], [11.26, 5.92, 0.0], [11.04, 6.05, 0.0], [10.81, 6.18, 0.0], [10.58, 6.3, 0.0], [10.34, 6.41, 0.0], [10.1, 6.51, 0.0], [9.85, 6.61, 0.0], [9.6, 6.69, 0.0], [9.35, 6.77, 0.0], [9.1, 6.84, 0.0], [8.84, 6.9, 0.0], [8.59, 6.95, 0.0], [8.33, 6.99, 0.0], [8.07, 7.02, 0.0], [7.8, 7.04, 0.0], [7.54, 7.06, 0.0], [7.28, 7.06, 0.0], [7.02, 7.06, 0.0], [6.76, 7.04, 0.0], [6.49, 7.02, 0.0], [6.23, 6.99, 0.0], [5.97, 6.95, 0.0], [5.72, 6.9, 0.0], [5.46, 6.84, 0.0], [5.21, 6.77, 0.0], [4.96, 6.69, 0.0], [4.71, 6.61, 0.0], [4.46, 6.51, 0.0], [4.22, 6.41, 0.0], [3.98, 6.3, 0.0], [3.75, 6.18, 0.0], [3.52, 6.05, 0.0], [3.3, 5.92, 0.0], [3.07, 5.77, 0.0], [2.86, 5.62, 0.0], [2.65, 5.47, 0.0], [2.45, 5.3, 0.0], [2.25, 5.13, 0.0], [2.06, 4.95, 0.0], [1.87, 4.76, 0.0], [1.69, 4.57, 0.0], [1.52, 4.37, 0.0], [1.35, 4.17, 0.0], [1.2, 3.96, 0.0], [1.05, 3.75, 0.0], [0.9, 3.52, 0.0], [0.77, 3.3, 0.0], [0.64, 3.07, 0.0], [0.52, 2.84, 0.0], [0.41, 2.6, 0.0], [0.31, 2.36, 0.0], [0.21, 2.11, 0.0], [0.13, 1.86, 0.0], [0.05, 1.61, 0.0], [-0.02, 1.36, 0.0], [-0.08, 1.1, 0.0], [-0.13, 0.85, 0.0], [-0.17, 0.59, 0.0], [-0.2, 0.33, 0.0], [-0.22, 0.06, 0.0], [-0.24, -0.2, 0.0], [-0.24, -0.46, 0.0], [-0.24, -0.72, 0.0], [-0.22, -0.98, 0.0], [-0.2, -1.25, 0.0], [-0.17, -1.51, 0.0], [-0.13, -1.77, 0.0], [-0.08, -2.02, 0.0], [-0.02, -2.28, 0.0], [0.05, -2.53, 0.0], [0.13, -2.78, 0.0], [0.21, -3.03, 0.0], [0.31, -3.28, 0.0], [0.41, -3.52, 0.0], [0.52, -3.76, 0.0], [0.64, -3.99, 0.0], [0.77, -4.22, 0.0], [0.9, -4.44, 0.0], [1.05, -4.67, 0.0], [1.2, -4.88, 0.0], [1.35, -5.09, 0.0], [1.52, -5.29, 0.0], [1.69, -5.49, 0.0], [1.87, -5.68, 0.0], [2.06, -5.87, 0.0], [2.25, -6.05, 0.0], [2.45, -6.22, 0.0], [2.65, -6.39, 0.0], [2.86, -6.54, 0.0], [3.07, -6.69, 0.0], [3.3, -6.84, 0.0], [3.52, -6.97, 0.0], [3.75, -7.1, 0.0], [3.98, -7.22, 0.0], [4.22, -7.33, 0.0], [4.46, -7.43, 0.0], [4.71, -7.53, 0.0], [4.96, -7.61, 0.0], [5.21, -7.69, 0.0], [5.46, -7.76, 0.0], [5.72, -7.82, 0.0], [5.97, -7.87, 0.0], [6.23, -7.91, 0.0], [6.49, -7.94, 0.0], [6.76, -7.96, 0.0], [7.02, -7.98, 0.0], [7.28, -7.98, 0.0], [7.54, -7.98, 0.0], [7.8, -7.96, 0.0], [8.07, -7.94, 0.0], [8.33, -7.91, 0.0], [8.59, -7.87, 0.0], [8.84, -7.82, 0.0], [9.1, -7.76, 0.0], [9.35, -7.69, 0.0], [9.6, -7.61, 0.0], [9.85, -7.53, 0.0], [10.1, -7.43, 0.0], [10.34, -7.33, 0.0], [10.58, -7.22, 0.0], [10.81, -7.1, 0.0], [11.04, -6.97, 0.0], [11.26, -6.84, 0.0], [11.49, -6.69, 0.0], [11.7, -6.54, 0.0], [11.91, -6.39, 0.0], [12.11, -6.22, 0.0], [12.31, -6.05, 0.0], [12.5, -5.87, 0.0], [12.69, -5.68, 0.0], [12.87, -5.49, 0.0], [13.04, -5.29, 0.0], [13.21, -5.09, 0.0], [13.36, -4.88, 0.0], [13.51, -4.67, 0.0], [13.66, -4.44, 0.0], [13.79, -4.22, 0.0], [13.92, -3.99, 0.0], [14.04, -3.76, 0.0], [14.15, -3.52, 0.0], [14.25, -3.28, 0.0], [14.35, -3.03, 0.0], [14.43, -2.78, 0.0], [14.51, -2.53, 0.0], [14.58, -2.28, 0.0], [14.64, -2.02, 0.0], [14.69, -1.77, 0.0], [14.73, -1.51, 0.0], [14.76, -1.25, 0.0], [14.78, -0.98, 0.0], [14.8, -0.72, 0.0], [14.8, -0.46, 0.0], [14.8, -0.2, 0.0], [14.78, 0.06, 0.0]], "class_name": "SelectionPolygonVolume", "orthogonal_axis": "Z", "version_major": 1, "version_minor": 0}