{"axis_max": -67.38736219707113, "axis_min": -184.09509720812244, "bounding_polygon": [[12.18, 0.36, 0.0], [12.18, 0.53, 0.0], [12.17, 0.7, 0.0], [12.15, 0.87, 0.0], [12.13, 1.04, 0.0], [12.11, 1.2, 0.0], [12.07, 1.37, 0.0], [12.04, 1.54, 0.0], [11.99, 1.7, 0.0], [11.94, 1.86, 0.0], [11.89, 2.02, 0.0], [11.83, 2.18, 0.0], [11.76, 2.34, 0.0], [11.69, 2.49, 0.0], [11.61, 2.64, 0.0], [11.53, 2.79, 0.0], [11.44, 2.94, 0.0], [11.35, 3.08, 0.0], [11.25, 3.22, 0.0], [11.15, 3.35, 0.0], [11.04, 3.48, 0.0], [10.93, 3.61, 0.0], [10.82, 3.74, 0.0], [10.7, 3.86, 0.0], [10.57, 3.97, 0.0], [10.44, 4.08, 0.0], [10.31, 4.19, 0.0], [10.18, 4.29, 0.0], [10.04, 4.39, 0.0], [9.9, 4.48, 0.0], [9.75, 4.57, 0.0], [9.6, 4.65, 0.0], [9.45, 4.73, 0.0], [9.3, 4.8, 0.0], [9.14, 4.87, 0.0], [8.98, 4.93, 0.0], [8.82, 4.98, 0.0], [8.66, 5.03, 0.0], [8.5, 5.08, 0.0], [8.33, 5.11, 0.0], [8.16, 5.15, 0.0], [8.0, 5.17, 0.0], [7.83, 5.19, 0.0], [7.66, 5.21, 0.0], [7.49, 5.22, 0.0], [7.32, 5.22, 0.0], [7.15, 5.22, 0.0], [6.98, 5.21, 0.0], [6.81, 5.19, 0.0], [6.64, 5.17, 0.0], [6.48, 5.15, 0.0], [6.31, 5.11, 0.0], [6.14, 5.08, 0.0], [5.98, 5.03, 0.0], [5.82, 4.98, 0.0], [5.66, 4.93, 0.0], [5.5, 4.87, 0.0], [5.34, 4.8, 0.0], [5.19, 4.73, 0.0], [5.04, 4.65, 0.0], [4.89, 4.57, 0.0], [4.74, 4.48, 0.0], [4.6, 4.39, 0.0], [4.46, 4.29, 0.0], [4.33, 4.19, 0.0], [4.2, 4.08, 0.0], [4.07, 3.97, 0.0], [3.94, 3.86, 0.0], [3.82, 3.74, 0.0], [3.71, 3.61, 0.0], [3.6, 3.48, 0.0], [3.49, 3.35, 0.0], [3.39, 3.22, 0.0], [3.29, 3.08, 0.0], [3.2, 2.94, 0.0], [3.11, 2.79, 0.0], [3.03, 2.64, 0.0], [2.95, 2.49, 0.0], [2.88, 2.34, 0.0], [2.81, 2.18, 0.0], [2.75, 2.02, 0.0], [2.7, 1.86, 0.0], [2.65, 1.7, 0.0], [2.6, 1.54, 0.0], [2.57, 1.37, 0.0], [2.53, 1.2, 0.0], [2.51, 1.04, 0.0], [2.49, 0.87, 0.0], [2.47, 0.7, 0.0], [2.46, 0.53, 0.0], [2.46, 0.36, 0.0], [2.46, 0.19, 0.0], [2.47, 0.02, 0.0], [2.49, -0.15, 0.0], [2.51, -0.32, 0.0], [2.53, -0.48, 0.0], [2.57, -0.65, 0.0], [2.6, -0.82, 0.0], [2.65, -0.98, 0.0], [2.7, -1.14, 0.0], [2.75, -1.3, 0.0], [2.81, -1.46, 0.0], [2.88, -1.62, 0.0], [2.95, -1.77, 0.0], [3.03, -1.92, 0.0], [3.11, -2.07, 0.0], [3.2, -2.22, 0.0], [3.29, -2.36, 0.0], [3.39, -2.5, 0.0], [3.49, -2.63, 0.0], [3.6, -2.76, 0.0], [3.71, -2.89, 0.0], [3.82, -3.02, 0.0], [3.94, -3.14, 0.0], [4.07, -3.25, 0.0], [4.2, -3.36, 0.0], [4.33, -3.47, 0.0], [4.46, -3.57, 0.0], [4.6, -3.67, 0.0], [4.74, -3.76, 0.0], [4.89, -3.85, 0.0], [5.04, -3.93, 0.0], [5.19, -4.01, 0.0], [5.34, -4.08, 0.0], [5.5, -4.15, 0.0], [5.66, -4.21, 0.0], [5.82, -4.26, 0.0], [5.98, -4.31, 0.0], [6.14, -4.36, 0.0], [6.31, -4.39, 0.0], [6.48, -4.43, 0.0], [6.64, -4.45, 0.0], [6.81, -4.47, 0.0], [6.98, -4.49, 0.0], [7.15, -4.5, 0.0], [7.32, -4.5, 0.0], [7.49, -4.5, 0.0], [7.66, -4.49, 0.0], [7.83, -4.47, 0.0], [8.0, -4.45, 0.0], [8.16, -4.43, 0.0], [8.33, -4.39, 0.0], [8.5, -4.36, 0.0], [8.66, -4.31, 0.0], [8.82, -4.26, 0.0], [8.98, -4.21, 0.0], [9.14, -4.15, 0.0], [9.3, -4.08, 0.0], [9.45, -4.01, 0.0], [9.6, -3.93, 0.0], [9.75, -3.85, 0.0], [9.9, -3.76, 0.0], [10.04, -3.67, 0.0], [10.18, -3.57, 0.0], [10.31, -3.47, 0.0], [10.44, -3.36, 0.0], [10.57, -3.25, 0.0], [10.7, -3.14, 0.0], [10.82, -3.02, 0.0], [10.93, -2.89, 0.0], [11.04, -2.76, 0.0], [11.15, -2.63, 0.0], [11.25, -2.5, 0.0], [11.35, -2.36, 0.0], [11.44, -2.22, 0.0], [11.53, -2.07, 0.0], [11.61, -1.92, 0.0], [11.69, -1.77, 0.0], [11.76, -1.62, 0.0], [11.83, -1.46, 0.0], [11.89, -1.3, 0.0], [11.94, -1.14, 0.0], [11.99, -0.98, 0.0], [12.04, -0.82, 0.0], [12.07, -0.65, 0.0], [12.11, -0.48, 0.0], [12.13, -0.32, 0.0], [12.15, -0.15, 0.0], [12.17, 0.02, 0.0], [12.18, 0.19, 0.0], [12.18, 0.36, 0.0], [12.18, 0.53, 0.0], [12.17, 0.7, 0.0]], "class_name": "SelectionPolygonVolume", "orthogonal_axis": "Z", "version_major": 1, "version_minor": 0}