{"axis_max": -67.38736219707113, "axis_min": -184.09509720812244, "bounding_polygon": [[2.1, -4.92, 0.0], [2.09, -4.55, 0.0], [2.07, -4.19, 0.0], [2.04, -3.83, 0.0], [2.0, -3.46, 0.0], [1.94, -3.1, 0.0], [1.87, -2.74, 0.0], [1.79, -2.39, 0.0], [1.69, -2.03, 0.0], [1.59, -1.68, 0.0], [1.47, -1.34, 0.0], [1.34, -1.0, 0.0], [1.19, -0.66, 0.0], [1.04, -0.33, 0.0], [0.87, -0.0, 0.0], [0.7, 0.31, 0.0], [0.51, 0.63, 0.0], [0.31, 0.93, 0.0], [0.1, 1.23, 0.0], [-0.12, 1.53, 0.0], [-0.35, 1.81, 0.0], [-0.59, 2.09, 0.0], [-0.84, 2.35, 0.0], [-1.1, 2.61, 0.0], [-1.36, 2.86, 0.0], [-1.64, 3.1, 0.0], [-1.92, 3.33, 0.0], [-2.22, 3.55, 0.0], [-2.52, 3.76, 0.0], [-2.82, 3.96, 0.0], [-3.13, 4.15, 0.0], [-3.45, 4.32, 0.0], [-3.78, 4.49, 0.0], [-4.11, 4.64, 0.0], [-4.45, 4.79, 0.0], [-4.79, 4.92, 0.0], [-5.13, 5.04, 0.0], [-5.48, 5.14, 0.0], [-5.84, 5.24, 0.0], [-6.19, 5.32, 0.0], [-6.55, 5.39, 0.0], [-6.91, 5.45, 0.0], [-7.28, 5.49, 0.0], [-7.64, 5.52, 0.0], [-8.0, 5.54, 0.0], [-8.37, 5.55, 0.0], [-8.74, 5.54, 0.0], [-9.1, 5.52, 0.0], [-9.46, 5.49, 0.0], [-9.83, 5.45, 0.0], [-10.19, 5.39, 0.0], [-10.55, 5.32, 0.0], [-10.9, 5.24, 0.0], [-11.26, 5.14, 0.0], [-11.61, 5.04, 0.0], [-11.95, 4.92, 0.0], [-12.29, 4.79, 0.0], [-12.63, 4.64, 0.0], [-12.96, 4.49, 0.0], [-13.29, 4.32, 0.0], [-13.6, 4.15, 0.0], [-13.92, 3.96, 0.0], [-14.22, 3.76, 0.0], [-14.52, 3.55, 0.0], [-14.82, 3.33, 0.0], [-15.1, 3.1, 0.0], [-15.38, 2.86, 0.0], [-15.64, 2.61, 0.0], [-15.9, 2.35, 0.0], [-16.15, 2.09, 0.0], [-16.39, 1.81, 0.0], [-16.62, 1.53, 0.0], [-16.84, 1.23, 0.0], [-17.05, 0.93, 0.0], [-17.25, 0.63, 0.0], [-17.44, 0.31, 0.0], [-17.61, -0.0, 0.0], [-17.78, -0.33, 0.0], [-17.93, -0.66, 0.0], [-18.08, -1.0, 0.0], [-18.21, -1.34, 0.0], [-18.33, -1.68, 0.0], [-18.43, -2.03, 0.0], [-18.53, -2.39, 0.0], [-18.61, -2.74, 0.0], [-18.68, -3.1, 0.0], [-18.74, -3.46, 0.0], [-18.78, -3.83, 0.0], [-18.81, -4.19, 0.0], [-18.83, -4.55, 0.0], [-18.84, -4.92, 0.0], [-18.83, -5.29, 0.0], [-18.81, -5.65, 0.0], [-18.78, -6.01, 0.0], [-18.74, -6.38, 0.0], [-18.68, -6.74, 0.0], [-18.61, -7.1, 0.0], [-18.53, -7.45, 0.0], [-18.43, -7.81, 0.0], [-18.33, -8.16, 0.0], [-18.21, -8.5, 0.0], [-18.08, -8.84, 0.0], [-17.93, -9.18, 0.0], [-17.78, -9.51, 0.0], [-17.61, -9.84, 0.0], [-17.44, -10.16, 0.0], [-17.25, -10.47, 0.0], [-17.05, -10.77, 0.0], [-16.84, -11.07, 0.0], [-16.62, -11.37, 0.0], [-16.39, -11.65, 0.0], [-16.15, -11.93, 0.0], [-15.9, -12.19, 0.0], [-15.64, -12.45, 0.0], [-15.38, -12.7, 0.0], [-15.1, -12.94, 0.0], [-14.82, -13.17, 0.0], [-14.52, -13.39, 0.0], [-14.22, -13.6, 0.0], [-13.92, -13.8, 0.0], [-13.61, -13.99, 0.0], [-13.29, -14.16, 0.0], [-12.96, -14.33, 0.0], [-12.63, -14.48, 0.0], [-12.29, -14.63, 0.0], [-11.95, -14.76, 0.0], [-11.61, -14.88, 0.0], [-11.26, -14.98, 0.0], [-10.9, -15.08, 0.0], [-10.55, -15.16, 0.0], [-10.19, -15.23, 0.0], [-9.83, -15.29, 0.0], [-9.46, -15.33, 0.0], [-9.1, -15.36, 0.0], [-8.74, -15.38, 0.0], [-8.37, -15.39, 0.0], [-8.0, -15.38, 0.0], [-7.64, -15.36, 0.0], [-7.28, -15.33, 0.0], [-6.91, -15.29, 0.0], [-6.55, -15.23, 0.0], [-6.19, -15.16, 0.0], [-5.84, -15.08, 0.0], [-5.48, -14.98, 0.0], [-5.13, -14.88, 0.0], [-4.79, -14.76, 0.0], [-4.45, -14.63, 0.0], [-4.11, -14.48, 0.0], [-3.78, -14.33, 0.0], [-3.45, -14.16, 0.0], [-3.13, -13.99, 0.0], [-2.82, -13.8, 0.0], [-2.52, -13.6, 0.0], [-2.22, -13.39, 0.0], [-1.92, -13.17, 0.0], [-1.64, -12.94, 0.0], [-1.36, -12.7, 0.0], [-1.1, -12.45, 0.0], [-0.84, -12.19, 0.0], [-0.59, -11.93, 0.0], [-0.35, -11.65, 0.0], [-0.12, -11.37, 0.0], [0.1, -11.07, 0.0], [0.31, -10.77, 0.0], [0.51, -10.47, 0.0], [0.7, -10.16, 0.0], [0.87, -9.84, 0.0], [1.04, -9.51, 0.0], [1.19, -9.18, 0.0], [1.34, -8.84, 0.0], [1.47, -8.5, 0.0], [1.59, -8.16, 0.0], [1.69, -7.81, 0.0], [1.79, -7.45, 0.0], [1.87, -7.1, 0.0], [1.94, -6.74, 0.0], [2.0, -6.38, 0.0], [2.04, -6.01, 0.0], [2.07, -5.65, 0.0], [2.09, -5.29, 0.0], [2.1, -4.92, 0.0], [2.09, -4.55, 0.0], [2.07, -4.19, 0.0]], "class_name": "SelectionPolygonVolume", "orthogonal_axis": "Z", "version_major": 1, "version_minor": 0}