{"axis_max": -67.38736219707113, "axis_min": -184.09509720812244, "bounding_polygon": [[13.17, 0.49, 0.0], [13.16, 0.96, 0.0], [13.14, 1.42, 0.0], [13.1, 1.89, 0.0], [13.04, 2.35, 0.0], [12.97, 2.81, 0.0], [12.88, 3.27, 0.0], [12.77, 3.73, 0.0], [12.65, 4.18, 0.0], [12.52, 4.62, 0.0], [12.36, 5.07, 0.0], [12.2, 5.5, 0.0], [12.01, 5.93, 0.0], [11.82, 6.36, 0.0], [11.6, 6.77, 0.0], [11.38, 7.18, 0.0], [11.14, 7.58, 0.0], [10.88, 7.97, 0.0], [10.61, 8.35, 0.0], [10.33, 8.73, 0.0], [10.04, 9.09, 0.0], [9.73, 9.44, 0.0], [9.41, 9.78, 0.0], [9.08, 10.11, 0.0], [8.74, 10.43, 0.0], [8.39, 10.74, 0.0], [8.03, 11.03, 0.0], [7.65, 11.31, 0.0], [7.27, 11.58, 0.0], [6.88, 11.84, 0.0], [6.48, 12.08, 0.0], [6.07, 12.3, 0.0], [5.66, 12.52, 0.0], [5.23, 12.71, 0.0], [4.8, 12.9, 0.0], [4.37, 13.06, 0.0], [3.92, 13.22, 0.0], [3.48, 13.35, 0.0], [3.03, 13.47, 0.0], [2.57, 13.58, 0.0], [2.11, 13.67, 0.0], [1.65, 13.74, 0.0], [1.19, 13.8, 0.0], [0.72, 13.84, 0.0], [0.26, 13.86, 0.0], [-0.21, 13.87, 0.0], [-0.68, 13.86, 0.0], [-1.14, 13.84, 0.0], [-1.61, 13.8, 0.0], [-2.07, 13.74, 0.0], [-2.53, 13.67, 0.0], [-2.99, 13.58, 0.0], [-3.45, 13.47, 0.0], [-3.9, 13.35, 0.0], [-4.34, 13.22, 0.0], [-4.79, 13.06, 0.0], [-5.22, 12.9, 0.0], [-5.65, 12.71, 0.0], [-6.08, 12.52, 0.0], [-6.49, 12.3, 0.0], [-6.9, 12.08, 0.0], [-7.3, 11.84, 0.0], [-7.69, 11.58, 0.0], [-8.07, 11.31, 0.0], [-8.45, 11.03, 0.0], [-8.81, 10.74, 0.0], [-9.16, 10.43, 0.0], [-9.5, 10.11, 0.0], [-9.83, 9.78, 0.0], [-10.15, 9.44, 0.0], [-10.46, 9.09, 0.0], [-10.75, 8.73, 0.0], [-11.03, 8.35, 0.0], [-11.3, 7.97, 0.0], [-11.56, 7.58, 0.0], [-11.8, 7.18, 0.0], [-12.02, 6.77, 0.0], [-12.24, 6.36, 0.0], [-12.43, 5.93, 0.0], [-12.62, 5.5, 0.0], [-12.78, 5.07, 0.0], [-12.94, 4.62, 0.0], [-13.07, 4.18, 0.0], [-13.19, 3.73, 0.0], [-13.3, 3.27, 0.0], [-13.39, 2.81, 0.0], [-13.46, 2.35, 0.0], [-13.52, 1.89, 0.0], [-13.56, 1.42, 0.0], [-13.58, 0.96, 0.0], [-13.59, 0.49, 0.0], [-13.58, 0.02, 0.0], [-13.56, -0.44, 0.0], [-13.52, -0.91, 0.0], [-13.46, -1.37, 0.0], [-13.39, -1.83, 0.0], [-13.3, -2.29, 0.0], [-13.19, -2.75, 0.0], [-13.07, -3.2, 0.0], [-12.94, -3.64, 0.0], [-12.78, -4.09, 0.0], [-12.62, -4.52, 0.0], [-12.43, -4.95, 0.0], [-12.24, -5.38, 0.0], [-12.02, -5.79, 0.0], [-11.8, -6.2, 0.0], [-11.56, -6.6, 0.0], [-11.3, -6.99, 0.0], [-11.03, -7.37, 0.0], [-10.75, -7.75, 0.0], [-10.46, -8.11, 0.0], [-10.15, -8.46, 0.0], [-9.83, -8.8, 0.0], [-9.5, -9.13, 0.0], [-9.16, -9.45, 0.0], [-8.81, -9.76, 0.0], [-8.45, -10.05, 0.0], [-8.07, -10.33, 0.0], [-7.69, -10.6, 0.0], [-7.3, -10.86, 0.0], [-6.9, -11.1, 0.0], [-6.49, -11.32, 0.0], [-6.08, -11.54, 0.0], [-5.65, -11.73, 0.0], [-5.22, -11.92, 0.0], [-4.79, -12.08, 0.0], [-4.34, -12.24, 0.0], [-3.9, -12.37, 0.0], [-3.45, -12.49, 0.0], [-2.99, -12.6, 0.0], [-2.53, -12.69, 0.0], [-2.07, -12.76, 0.0], [-1.61, -12.82, 0.0], [-1.14, -12.86, 0.0], [-0.68, -12.88, 0.0], [-0.21, -12.89, 0.0], [0.26, -12.88, 0.0], [0.72, -12.86, 0.0], [1.19, -12.82, 0.0], [1.65, -12.76, 0.0], [2.11, -12.69, 0.0], [2.57, -12.6, 0.0], [3.03, -12.49, 0.0], [3.48, -12.37, 0.0], [3.92, -12.24, 0.0], [4.37, -12.08, 0.0], [4.8, -11.92, 0.0], [5.23, -11.73, 0.0], [5.66, -11.54, 0.0], [6.07, -11.32, 0.0], [6.48, -11.1, 0.0], [6.88, -10.86, 0.0], [7.27, -10.6, 0.0], [7.65, -10.33, 0.0], [8.03, -10.05, 0.0], [8.39, -9.76, 0.0], [8.74, -9.45, 0.0], [9.08, -9.13, 0.0], [9.41, -8.8, 0.0], [9.73, -8.46, 0.0], [10.04, -8.11, 0.0], [10.33, -7.75, 0.0], [10.61, -7.37, 0.0], [10.88, -6.99, 0.0], [11.14, -6.6, 0.0], [11.38, -6.2, 0.0], [11.6, -5.79, 0.0], [11.82, -5.38, 0.0], [12.01, -4.95, 0.0], [12.2, -4.52, 0.0], [12.36, -4.09, 0.0], [12.52, -3.64, 0.0], [12.65, -3.2, 0.0], [12.77, -2.75, 0.0], [12.88, -2.29, 0.0], [12.97, -1.83, 0.0], [13.04, -1.37, 0.0], [13.1, -0.91, 0.0], [13.14, -0.44, 0.0], [13.16, 0.02, 0.0], [13.17, 0.49, 0.0], [13.16, 0.96, 0.0], [13.14, 1.42, 0.0]], "class_name": "SelectionPolygonVolume", "orthogonal_axis": "Z", "version_major": 1, "version_minor": 0}