{"axis_max": -67.38736219707113, "axis_min": -184.09509720812244, "bounding_polygon": [[7.87, -9.02, 0.0], [7.87, -8.75, 0.0], [7.85, -8.49, 0.0], [7.83, -8.22, 0.0], [7.8, -7.96, 0.0], [7.75, -7.69, 0.0], [7.7, -7.43, 0.0], [7.64, -7.17, 0.0], [7.57, -6.91, 0.0], [7.5, -6.66, 0.0], [7.41, -6.4, 0.0], [7.31, -6.15, 0.0], [7.21, -5.91, 0.0], [7.1, -5.67, 0.0], [6.97, -5.43, 0.0], [6.85, -5.2, 0.0], [6.71, -4.97, 0.0], [6.56, -4.74, 0.0], [6.41, -4.52, 0.0], [6.25, -4.31, 0.0], [6.08, -4.1, 0.0], [5.91, -3.9, 0.0], [5.72, -3.71, 0.0], [5.53, -3.52, 0.0], [5.34, -3.33, 0.0], [5.14, -3.16, 0.0], [4.93, -2.99, 0.0], [4.72, -2.83, 0.0], [4.5, -2.68, 0.0], [4.27, -2.53, 0.0], [4.05, -2.39, 0.0], [3.81, -2.27, 0.0], [3.57, -2.14, 0.0], [3.33, -2.03, 0.0], [3.09, -1.93, 0.0], [2.84, -1.83, 0.0], [2.58, -1.74, 0.0], [2.33, -1.67, 0.0], [2.07, -1.6, 0.0], [1.81, -1.54, 0.0], [1.55, -1.49, 0.0], [1.28, -1.44, 0.0], [1.02, -1.41, 0.0], [0.75, -1.39, 0.0], [0.49, -1.37, 0.0], [0.22, -1.37, 0.0], [-0.05, -1.37, 0.0], [-0.31, -1.39, 0.0], [-0.58, -1.41, 0.0], [-0.84, -1.44, 0.0], [-1.11, -1.49, 0.0], [-1.37, -1.54, 0.0], [-1.63, -1.6, 0.0], [-1.89, -1.67, 0.0], [-2.14, -1.74, 0.0], [-2.4, -1.83, 0.0], [-2.65, -1.93, 0.0], [-2.89, -2.03, 0.0], [-3.13, -2.14, 0.0], [-3.37, -2.27, 0.0], [-3.6, -2.39, 0.0], [-3.83, -2.53, 0.0], [-4.06, -2.68, 0.0], [-4.28, -2.83, 0.0], [-4.49, -2.99, 0.0], [-4.7, -3.16, 0.0], [-4.9, -3.33, 0.0], [-5.09, -3.52, 0.0], [-5.28, -3.71, 0.0], [-5.47, -3.9, 0.0], [-5.64, -4.1, 0.0], [-5.81, -4.31, 0.0], [-5.97, -4.52, 0.0], [-6.12, -4.74, 0.0], [-6.27, -4.97, 0.0], [-6.41, -5.2, 0.0], [-6.53, -5.43, 0.0], [-6.66, -5.67, 0.0], [-6.77, -5.91, 0.0], [-6.87, -6.15, 0.0], [-6.97, -6.4, 0.0], [-7.06, -6.66, 0.0], [-7.13, -6.91, 0.0], [-7.2, -7.17, 0.0], [-7.26, -7.43, 0.0], [-7.31, -7.69, 0.0], [-7.36, -7.96, 0.0], [-7.39, -8.22, 0.0], [-7.41, -8.49, 0.0], [-7.43, -8.75, 0.0], [-7.43, -9.02, 0.0], [-7.43, -9.29, 0.0], [-7.41, -9.55, 0.0], [-7.39, -9.82, 0.0], [-7.36, -10.08, 0.0], [-7.31, -10.35, 0.0], [-7.26, -10.61, 0.0], [-7.2, -10.87, 0.0], [-7.13, -11.13, 0.0], [-7.06, -11.38, 0.0], [-6.97, -11.64, 0.0], [-6.87, -11.89, 0.0], [-6.77, -12.13, 0.0], [-6.66, -12.37, 0.0], [-6.53, -12.61, 0.0], [-6.41, -12.84, 0.0], [-6.27, -13.07, 0.0], [-6.12, -13.3, 0.0], [-5.97, -13.52, 0.0], [-5.81, -13.73, 0.0], [-5.64, -13.94, 0.0], [-5.47, -14.14, 0.0], [-5.28, -14.33, 0.0], [-5.09, -14.52, 0.0], [-4.9, -14.71, 0.0], [-4.7, -14.88, 0.0], [-4.49, -15.05, 0.0], [-4.28, -15.21, 0.0], [-4.06, -15.36, 0.0], [-3.83, -15.51, 0.0], [-3.61, -15.65, 0.0], [-3.37, -15.77, 0.0], [-3.13, -15.9, 0.0], [-2.89, -16.01, 0.0], [-2.65, -16.11, 0.0], [-2.4, -16.21, 0.0], [-2.14, -16.3, 0.0], [-1.89, -16.37, 0.0], [-1.63, -16.44, 0.0], [-1.37, -16.5, 0.0], [-1.11, -16.55, 0.0], [-0.84, -16.6, 0.0], [-0.58, -16.63, 0.0], [-0.31, -16.65, 0.0], [-0.05, -16.67, 0.0], [0.22, -16.67, 0.0], [0.49, -16.67, 0.0], [0.75, -16.65, 0.0], [1.02, -16.63, 0.0], [1.28, -16.6, 0.0], [1.55, -16.55, 0.0], [1.81, -16.5, 0.0], [2.07, -16.44, 0.0], [2.33, -16.37, 0.0], [2.58, -16.3, 0.0], [2.84, -16.21, 0.0], [3.09, -16.11, 0.0], [3.33, -16.01, 0.0], [3.57, -15.9, 0.0], [3.81, -15.77, 0.0], [4.05, -15.65, 0.0], [4.27, -15.51, 0.0], [4.5, -15.36, 0.0], [4.72, -15.21, 0.0], [4.93, -15.05, 0.0], [5.14, -14.88, 0.0], [5.34, -14.71, 0.0], [5.53, -14.52, 0.0], [5.72, -14.33, 0.0], [5.91, -14.14, 0.0], [6.08, -13.94, 0.0], [6.25, -13.73, 0.0], [6.41, -13.52, 0.0], [6.56, -13.3, 0.0], [6.71, -13.07, 0.0], [6.85, -12.85, 0.0], [6.97, -12.61, 0.0], [7.1, -12.37, 0.0], [7.21, -12.13, 0.0], [7.31, -11.89, 0.0], [7.41, -11.64, 0.0], [7.5, -11.38, 0.0], [7.57, -11.13, 0.0], [7.64, -10.87, 0.0], [7.7, -10.61, 0.0], [7.75, -10.35, 0.0], [7.8, -10.08, 0.0], [7.83, -9.82, 0.0], [7.85, -9.55, 0.0], [7.87, -9.29, 0.0], [7.87, -9.02, 0.0], [7.87, -8.75, 0.0], [7.85, -8.49, 0.0]], "class_name": "SelectionPolygonVolume", "orthogonal_axis": "Z", "version_major": 1, "version_minor": 0}