{"axis_max": -67.38736219707113, "axis_min": -184.09509720812244, "bounding_polygon": [[27.75, -1.49, 0.0], [27.75, -1.31, 0.0], [27.74, -1.14, 0.0], [27.72, -0.97, 0.0], [27.7, -0.79, 0.0], [27.67, -0.62, 0.0], [27.64, -0.45, 0.0], [27.6, -0.28, 0.0], [27.56, -0.11, 0.0], [27.5, 0.06, 0.0], [27.45, 0.23, 0.0], [27.38, 0.39, 0.0], [27.32, 0.55, 0.0], [27.24, 0.71, 0.0], [27.16, 0.87, 0.0], [27.08, 1.02, 0.0], [26.99, 1.17, 0.0], [26.89, 1.32, 0.0], [26.79, 1.46, 0.0], [26.69, 1.6, 0.0], [26.58, 1.74, 0.0], [26.46, 1.87, 0.0], [26.34, 2.0, 0.0], [26.22, 2.12, 0.0], [26.09, 2.24, 0.0], [25.96, 2.36, 0.0], [25.82, 2.47, 0.0], [25.68, 2.57, 0.0], [25.54, 2.67, 0.0], [25.39, 2.77, 0.0], [25.24, 2.86, 0.0], [25.09, 2.94, 0.0], [24.93, 3.02, 0.0], [24.77, 3.1, 0.0], [24.61, 3.16, 0.0], [24.45, 3.23, 0.0], [24.28, 3.28, 0.0], [24.11, 3.34, 0.0], [23.94, 3.38, 0.0], [23.77, 3.42, 0.0], [23.6, 3.45, 0.0], [23.43, 3.48, 0.0], [23.25, 3.5, 0.0], [23.08, 3.52, 0.0], [22.91, 3.53, 0.0], [22.73, 3.53, 0.0], [22.55, 3.53, 0.0], [22.38, 3.52, 0.0], [22.21, 3.5, 0.0], [22.03, 3.48, 0.0], [21.86, 3.45, 0.0], [21.69, 3.42, 0.0], [21.52, 3.38, 0.0], [21.35, 3.34, 0.0], [21.18, 3.28, 0.0], [21.01, 3.23, 0.0], [20.85, 3.16, 0.0], [20.69, 3.1, 0.0], [20.53, 3.02, 0.0], [20.37, 2.94, 0.0], [20.22, 2.86, 0.0], [20.07, 2.77, 0.0], [19.92, 2.67, 0.0], [19.78, 2.57, 0.0], [19.64, 2.47, 0.0], [19.5, 2.36, 0.0], [19.37, 2.24, 0.0], [19.24, 2.12, 0.0], [19.12, 2.0, 0.0], [19.0, 1.87, 0.0], [18.88, 1.74, 0.0], [18.77, 1.6, 0.0], [18.67, 1.46, 0.0], [18.57, 1.32, 0.0], [18.47, 1.17, 0.0], [18.38, 1.02, 0.0], [18.3, 0.87, 0.0], [18.22, 0.71, 0.0], [18.14, 0.55, 0.0], [18.08, 0.39, 0.0], [18.01, 0.23, 0.0], [17.96, 0.06, 0.0], [17.9, -0.11, 0.0], [17.86, -0.28, 0.0], [17.82, -0.45, 0.0], [17.79, -0.62, 0.0], [17.76, -0.79, 0.0], [17.74, -0.97, 0.0], [17.72, -1.14, 0.0], [17.71, -1.31, 0.0], [17.71, -1.49, 0.0], [17.71, -1.67, 0.0], [17.72, -1.84, 0.0], [17.74, -2.01, 0.0], [17.76, -2.19, 0.0], [17.79, -2.36, 0.0], [17.82, -2.53, 0.0], [17.86, -2.7, 0.0], [17.9, -2.87, 0.0], [17.96, -3.04, 0.0], [18.01, -3.21, 0.0], [18.08, -3.37, 0.0], [18.14, -3.53, 0.0], [18.22, -3.69, 0.0], [18.3, -3.85, 0.0], [18.38, -4.0, 0.0], [18.47, -4.15, 0.0], [18.57, -4.3, 0.0], [18.67, -4.44, 0.0], [18.77, -4.58, 0.0], [18.88, -4.72, 0.0], [19.0, -4.85, 0.0], [19.12, -4.98, 0.0], [19.24, -5.1, 0.0], [19.37, -5.22, 0.0], [19.5, -5.34, 0.0], [19.64, -5.45, 0.0], [19.78, -5.55, 0.0], [19.92, -5.65, 0.0], [20.07, -5.75, 0.0], [20.22, -5.84, 0.0], [20.37, -5.92, 0.0], [20.53, -6.0, 0.0], [20.69, -6.08, 0.0], [20.85, -6.14, 0.0], [21.01, -6.21, 0.0], [21.18, -6.26, 0.0], [21.35, -6.32, 0.0], [21.52, -6.36, 0.0], [21.69, -6.4, 0.0], [21.86, -6.43, 0.0], [22.03, -6.46, 0.0], [22.21, -6.48, 0.0], [22.38, -6.5, 0.0], [22.55, -6.51, 0.0], [22.73, -6.51, 0.0], [22.91, -6.51, 0.0], [23.08, -6.5, 0.0], [23.25, -6.48, 0.0], [23.43, -6.46, 0.0], [23.6, -6.43, 0.0], [23.77, -6.4, 0.0], [23.94, -6.36, 0.0], [24.11, -6.32, 0.0], [24.28, -6.26, 0.0], [24.45, -6.21, 0.0], [24.61, -6.14, 0.0], [24.77, -6.08, 0.0], [24.93, -6.0, 0.0], [25.09, -5.92, 0.0], [25.24, -5.84, 0.0], [25.39, -5.75, 0.0], [25.54, -5.65, 0.0], [25.68, -5.55, 0.0], [25.82, -5.45, 0.0], [25.96, -5.34, 0.0], [26.09, -5.22, 0.0], [26.22, -5.1, 0.0], [26.34, -4.98, 0.0], [26.46, -4.85, 0.0], [26.58, -4.72, 0.0], [26.69, -4.58, 0.0], [26.79, -4.44, 0.0], [26.89, -4.3, 0.0], [26.99, -4.15, 0.0], [27.08, -4.0, 0.0], [27.16, -3.85, 0.0], [27.24, -3.69, 0.0], [27.32, -3.53, 0.0], [27.38, -3.37, 0.0], [27.45, -3.21, 0.0], [27.5, -3.04, 0.0], [27.56, -2.87, 0.0], [27.6, -2.7, 0.0], [27.64, -2.53, 0.0], [27.67, -2.36, 0.0], [27.7, -2.19, 0.0], [27.72, -2.01, 0.0], [27.74, -1.84, 0.0], [27.75, -1.67, 0.0], [27.75, -1.49, 0.0], [27.75, -1.31, 0.0], [27.74, -1.14, 0.0]], "class_name": "SelectionPolygonVolume", "orthogonal_axis": "Z", "version_major": 1, "version_minor": 0}