{"axis_max": -67.38736219707113, 
"axis_min": -184.09509720812244, 
"bounding_polygon": [[11.47, 0.0, 0.0], [11.47, 0.1, 0.0], [11.46, 0.21, 0.0], [11.45, 0.31, 0.0], [11.44, 0.42, 0.0], [11.42, 0.52, 0.0], [11.4, 0.62, 0.0], [11.38, 0.72, 0.0], [11.35, 0.82, 0.0], [11.32, 0.92, 0.0], [11.29, 1.02, 0.0], [11.25, 1.12, 0.0], [11.21, 1.22, 0.0], [11.17, 1.31, 0.0], [11.12, 1.4, 0.0], [11.07, 1.5, 0.0], [11.02, 1.58, 0.0], [10.96, 1.67, 0.0], [10.9, 1.76, 0.0], [10.84, 1.84, 0.0], [10.77, 1.92, 0.0], [10.7, 2.0, 0.0], [10.63, 2.08, 0.0], [10.56, 2.15, 0.0], [10.48, 2.22, 0.0], [10.4, 2.29, 0.0], [10.32, 2.36, 0.0], [10.24, 2.42, 0.0], [10.15, 2.48, 0.0], [10.06, 2.54, 0.0], [9.98, 2.59, 0.0], [9.88, 2.64, 0.0], [9.79, 2.69, 0.0], [9.7, 2.73, 0.0], [9.6, 2.77, 0.0], [9.5, 2.81, 0.0], [9.4, 2.84, 0.0], [9.3, 2.87, 0.0], [9.2, 2.9, 0.0], [9.1, 2.92, 0.0], [9.0, 2.94, 0.0], [8.9, 2.96, 0.0], [8.79, 2.97, 0.0], [8.69, 2.98, 0.0], [8.58, 2.99, 0.0], [8.48, 2.99, 0.0], [8.38, 2.99, 0.0], [8.27, 2.98, 0.0], [8.17, 2.97, 0.0], [8.06, 2.96, 0.0], [7.96, 2.94, 0.0], [7.86, 2.92, 0.0], [7.76, 2.9, 0.0], [7.66, 2.87, 0.0], [7.56, 2.84, 0.0], [7.46, 2.81, 0.0], [7.36, 2.77, 0.0], [7.26, 2.73, 0.0], [7.17, 2.69, 0.0], [7.08, 2.64, 0.0], [6.99, 2.59, 0.0], [6.9, 2.54, 0.0], [6.81, 2.48, 0.0], [6.72, 2.42, 0.0], [6.64, 2.36, 0.0], [6.56, 2.29, 0.0], [6.48, 2.22, 0.0], [6.4, 2.15, 0.0], [6.33, 2.08, 0.0], [6.26, 2.0, 0.0], [6.19, 1.92, 0.0], [6.12, 1.84, 0.0], [6.06, 1.76, 0.0], [6.0, 1.67, 0.0], [5.94, 1.58, 0.0], [5.89, 1.5, 0.0], [5.84, 1.4, 0.0], [5.79, 1.31, 0.0], [5.75, 1.22, 0.0], [5.71, 1.12, 0.0], [5.67, 1.02, 0.0], [5.64, 0.92, 0.0], [5.61, 0.82, 0.0], [5.58, 0.72, 0.0], [5.56, 0.62, 0.0], [5.54, 0.52, 0.0], [5.52, 0.42, 0.0], [5.51, 0.31, 0.0], [5.5, 0.21, 0.0], [5.49, 0.1, 0.0], [5.49, 0.0, 0.0], [5.49, -0.1, 0.0], [5.5, -0.21, 0.0], [5.51, -0.31, 0.0], [5.52, -0.42, 0.0], [5.54, -0.52, 0.0], [5.56, -0.62, 0.0], [5.58, -0.72, 0.0], [5.61, -0.82, 0.0], [5.64, -0.92, 0.0], [5.67, -1.02, 0.0], [5.71, -1.12, 0.0], [5.75, -1.22, 0.0], [5.79, -1.31, 0.0], [5.84, -1.4, 0.0], [5.89, -1.5, 0.0], [5.94, -1.58, 0.0], [6.0, -1.67, 0.0], [6.06, -1.76, 0.0], [6.12, -1.84, 0.0], [6.19, -1.92, 0.0], [6.26, -2.0, 0.0], [6.33, -2.08, 0.0], [6.4, -2.15, 0.0], [6.48, -2.22, 0.0], [6.56, -2.29, 0.0], [6.64, -2.36, 0.0], [6.72, -2.42, 0.0], [6.81, -2.48, 0.0], [6.9, -2.54, 0.0], [6.98, -2.59, 0.0], [7.08, -2.64, 0.0], [7.17, -2.69, 0.0], [7.26, -2.73, 0.0], [7.36, -2.77, 0.0], [7.46, -2.81, 0.0], [7.56, -2.84, 0.0], [7.66, -2.87, 0.0], [7.76, -2.9, 0.0], [7.86, -2.92, 0.0], [7.96, -2.94, 0.0], [8.06, -2.96, 0.0], [8.17, -2.97, 0.0], [8.27, -2.98, 0.0], [8.38, -2.99, 0.0], [8.48, -2.99, 0.0], [8.58, -2.99, 0.0], [8.69, -2.98, 0.0], [8.79, -2.97, 0.0], [8.9, -2.96, 0.0], [9.0, -2.94, 0.0], [9.1, -2.92, 0.0], [9.2, -2.9, 0.0], [9.3, -2.87, 0.0], [9.4, -2.84, 0.0], [9.5, -2.81, 0.0], [9.6, -2.77, 0.0], [9.7, -2.73, 0.0], [9.79, -2.69, 0.0], [9.88, -2.64, 0.0], [9.98, -2.59, 0.0], [10.06, -2.54, 0.0], [10.15, -2.48, 0.0], [10.24, -2.42, 0.0], [10.32, -2.36, 0.0], [10.4, -2.29, 0.0], [10.48, -2.22, 0.0], [10.56, -2.15, 0.0], [10.63, -2.08, 0.0], [10.7, -2.0, 0.0], [10.77, -1.92, 0.0], [10.84, -1.84, 0.0], [10.9, -1.76, 0.0], [10.96, -1.67, 0.0], [11.02, -1.58, 0.0], [11.07, -1.5, 0.0], [11.12, -1.4, 0.0], [11.17, -1.31, 0.0], [11.21, -1.22, 0.0], [11.25, -1.12, 0.0], [11.29, -1.02, 0.0], [11.32, -0.92, 0.0], [11.35, -0.82, 0.0], [11.38, -0.72, 0.0], [11.4, -0.62, 0.0], [11.42, -0.52, 0.0], [11.44, -0.42, 0.0], [11.45, -0.31, 0.0], [11.46, -0.21, 0.0], [11.47, -0.1, 0.0], [11.47, -0.0, 0.0], [11.47, 0.1, 0.0], [11.46, 0.21, 0.0]],
 "class_name": "SelectionPolygonVolume", 
 "orthogonal_axis": "Z", 
 "version_major": 1, 
 "version_minor": 0}