{"axis_max": -67.38736219707113, "axis_min": -184.09509720812244, "bounding_polygon": [[5.67, -12.96, 0.0], [5.67, -12.84, 0.0], [5.66, -12.73, 0.0], [5.65, -12.61, 0.0], [5.64, -12.5, 0.0], [5.62, -12.38, 0.0], [5.6, -12.27, 0.0], [5.57, -12.15, 0.0], [5.54, -12.04, 0.0], [5.51, -11.93, 0.0], [5.47, -11.82, 0.0], [5.43, -11.71, 0.0], [5.38, -11.61, 0.0], [5.33, -11.5, 0.0], [5.28, -11.4, 0.0], [5.22, -11.3, 0.0], [5.16, -11.2, 0.0], [5.1, -11.1, 0.0], [5.03, -11.0, 0.0], [4.96, -10.91, 0.0], [4.89, -10.82, 0.0], [4.81, -10.73, 0.0], [4.74, -10.65, 0.0], [4.65, -10.56, 0.0], [4.57, -10.49, 0.0], [4.48, -10.41, 0.0], [4.39, -10.34, 0.0], [4.3, -10.27, 0.0], [4.2, -10.2, 0.0], [4.1, -10.14, 0.0], [4.01, -10.08, 0.0], [3.9, -10.02, 0.0], [3.8, -9.97, 0.0], [3.69, -9.92, 0.0], [3.59, -9.87, 0.0], [3.48, -9.83, 0.0], [3.37, -9.79, 0.0], [3.26, -9.76, 0.0], [3.15, -9.73, 0.0], [3.03, -9.7, 0.0], [2.92, -9.68, 0.0], [2.8, -9.66, 0.0], [2.69, -9.65, 0.0], [2.57, -9.64, 0.0], [2.46, -9.63, 0.0], [2.34, -9.63, 0.0], [2.22, -9.63, 0.0], [2.11, -9.64, 0.0], [1.99, -9.65, 0.0], [1.88, -9.66, 0.0], [1.76, -9.68, 0.0], [1.65, -9.7, 0.0], [1.53, -9.73, 0.0], [1.42, -9.76, 0.0], [1.31, -9.79, 0.0], [1.2, -9.83, 0.0], [1.09, -9.87, 0.0], [0.99, -9.92, 0.0], [0.88, -9.97, 0.0], [0.78, -10.02, 0.0], [0.68, -10.08, 0.0], [0.58, -10.14, 0.0], [0.48, -10.2, 0.0], [0.38, -10.27, 0.0], [0.29, -10.34, 0.0], [0.2, -10.41, 0.0], [0.11, -10.49, 0.0], [0.03, -10.56, 0.0], [-0.06, -10.65, 0.0], [-0.13, -10.73, 0.0], [-0.21, -10.82, 0.0], [-0.28, -10.91, 0.0], [-0.35, -11.0, 0.0], [-0.42, -11.1, 0.0], [-0.48, -11.2, 0.0], [-0.54, -11.3, 0.0], [-0.6, -11.4, 0.0], [-0.65, -11.5, 0.0], [-0.7, -11.61, 0.0], [-0.75, -11.71, 0.0], [-0.79, -11.82, 0.0], [-0.83, -11.93, 0.0], [-0.86, -12.04, 0.0], [-0.89, -12.15, 0.0], [-0.92, -12.27, 0.0], [-0.94, -12.38, 0.0], [-0.96, -12.5, 0.0], [-0.97, -12.61, 0.0], [-0.98, -12.73, 0.0], [-0.99, -12.84, 0.0], [-0.99, -12.96, 0.0], [-0.99, -13.08, 0.0], [-0.98, -13.19, 0.0], [-0.97, -13.31, 0.0], [-0.96, -13.42, 0.0], [-0.94, -13.54, 0.0], [-0.92, -13.65, 0.0], [-0.89, -13.77, 0.0], [-0.86, -13.88, 0.0], [-0.83, -13.99, 0.0], [-0.79, -14.1, 0.0], [-0.75, -14.21, 0.0], [-0.7, -14.31, 0.0], [-0.65, -14.42, 0.0], [-0.6, -14.52, 0.0], [-0.54, -14.63, 0.0], [-0.48, -14.72, 0.0], [-0.42, -14.82, 0.0], [-0.35, -14.92, 0.0], [-0.28, -15.01, 0.0], [-0.21, -15.1, 0.0], [-0.13, -15.19, 0.0], [-0.06, -15.27, 0.0], [0.03, -15.36, 0.0], [0.11, -15.43, 0.0], [0.2, -15.51, 0.0], [0.29, -15.58, 0.0], [0.38, -15.65, 0.0], [0.48, -15.72, 0.0], [0.58, -15.78, 0.0], [0.67, -15.84, 0.0], [0.78, -15.9, 0.0], [0.88, -15.95, 0.0], [0.99, -16.0, 0.0], [1.09, -16.05, 0.0], [1.2, -16.09, 0.0], [1.31, -16.13, 0.0], [1.42, -16.16, 0.0], [1.53, -16.19, 0.0], [1.65, -16.22, 0.0], [1.76, -16.24, 0.0], [1.88, -16.26, 0.0], [1.99, -16.27, 0.0], [2.11, -16.28, 0.0], [2.22, -16.29, 0.0], [2.34, -16.29, 0.0], [2.46, -16.29, 0.0], [2.57, -16.28, 0.0], [2.69, -16.27, 0.0], [2.8, -16.26, 0.0], [2.92, -16.24, 0.0], [3.03, -16.22, 0.0], [3.15, -16.19, 0.0], [3.26, -16.16, 0.0], [3.37, -16.13, 0.0], [3.48, -16.09, 0.0], [3.59, -16.05, 0.0], [3.69, -16.0, 0.0], [3.8, -15.95, 0.0], [3.9, -15.9, 0.0], [4.01, -15.84, 0.0], [4.1, -15.78, 0.0], [4.2, -15.72, 0.0], [4.3, -15.65, 0.0], [4.39, -15.58, 0.0], [4.48, -15.51, 0.0], [4.57, -15.43, 0.0], [4.65, -15.36, 0.0], [4.74, -15.27, 0.0], [4.81, -15.19, 0.0], [4.89, -15.1, 0.0], [4.96, -15.01, 0.0], [5.03, -14.92, 0.0], [5.1, -14.82, 0.0], [5.16, -14.72, 0.0], [5.22, -14.63, 0.0], [5.28, -14.52, 0.0], [5.33, -14.42, 0.0], [5.38, -14.31, 0.0], [5.43, -14.21, 0.0], [5.47, -14.1, 0.0], [5.51, -13.99, 0.0], [5.54, -13.88, 0.0], [5.57, -13.77, 0.0], [5.6, -13.65, 0.0], [5.62, -13.54, 0.0], [5.64, -13.42, 0.0], [5.65, -13.31, 0.0], [5.66, -13.19, 0.0], [5.67, -13.08, 0.0], [5.67, -12.96, 0.0], [5.67, -12.84, 0.0], [5.66, -12.73, 0.0]], "class_name": "SelectionPolygonVolume", "orthogonal_axis": "Z", "version_major": 1, "version_minor": 0}