{"axis_max": -67.38736219707113, "axis_min": -184.09509720812244, "bounding_polygon": [[22.79, -0.25, 0.0], [22.79, -0.1, 0.0], [22.78, 0.05, 0.0], [22.77, 0.19, 0.0], [22.75, 0.34, 0.0], [22.73, 0.49, 0.0], [22.7, 0.63, 0.0], [22.66, 0.78, 0.0], [22.63, 0.92, 0.0], [22.58, 1.06, 0.0], [22.53, 1.2, 0.0], [22.48, 1.34, 0.0], [22.42, 1.47, 0.0], [22.36, 1.61, 0.0], [22.29, 1.74, 0.0], [22.22, 1.87, 0.0], [22.15, 2.0, 0.0], [22.07, 2.12, 0.0], [21.98, 2.24, 0.0], [21.89, 2.36, 0.0], [21.8, 2.48, 0.0], [21.7, 2.59, 0.0], [21.6, 2.7, 0.0], [21.5, 2.8, 0.0], [21.39, 2.9, 0.0], [21.28, 3.0, 0.0], [21.16, 3.09, 0.0], [21.04, 3.18, 0.0], [20.92, 3.27, 0.0], [20.8, 3.35, 0.0], [20.67, 3.42, 0.0], [20.54, 3.49, 0.0], [20.41, 3.56, 0.0], [20.27, 3.62, 0.0], [20.14, 3.68, 0.0], [20.0, 3.73, 0.0], [19.86, 3.78, 0.0], [19.72, 3.83, 0.0], [19.58, 3.86, 0.0], [19.43, 3.9, 0.0], [19.29, 3.93, 0.0], [19.14, 3.95, 0.0], [18.99, 3.97, 0.0], [18.85, 3.98, 0.0], [18.7, 3.99, 0.0], [18.55, 3.99, 0.0], [18.4, 3.99, 0.0], [18.25, 3.98, 0.0], [18.11, 3.97, 0.0], [17.96, 3.95, 0.0], [17.81, 3.93, 0.0], [17.67, 3.9, 0.0], [17.52, 3.86, 0.0], [17.38, 3.83, 0.0], [17.24, 3.78, 0.0], [17.1, 3.73, 0.0], [16.96, 3.68, 0.0], [16.83, 3.62, 0.0], [16.69, 3.56, 0.0], [16.56, 3.49, 0.0], [16.43, 3.42, 0.0], [16.3, 3.35, 0.0], [16.18, 3.27, 0.0], [16.06, 3.18, 0.0], [15.94, 3.09, 0.0], [15.82, 3.0, 0.0], [15.71, 2.9, 0.0], [15.6, 2.8, 0.0], [15.5, 2.7, 0.0], [15.4, 2.59, 0.0], [15.3, 2.48, 0.0], [15.21, 2.36, 0.0], [15.12, 2.24, 0.0], [15.03, 2.12, 0.0], [14.95, 2.0, 0.0], [14.88, 1.87, 0.0], [14.81, 1.74, 0.0], [14.74, 1.61, 0.0], [14.68, 1.47, 0.0], [14.62, 1.34, 0.0], [14.57, 1.2, 0.0], [14.52, 1.06, 0.0], [14.47, 0.92, 0.0], [14.44, 0.78, 0.0], [14.4, 0.63, 0.0], [14.37, 0.49, 0.0], [14.35, 0.34, 0.0], [14.33, 0.19, 0.0], [14.32, 0.05, 0.0], [14.31, -0.1, 0.0], [14.31, -0.25, 0.0], [14.31, -0.4, 0.0], [14.32, -0.55, 0.0], [14.33, -0.69, 0.0], [14.35, -0.84, 0.0], [14.37, -0.99, 0.0], [14.4, -1.13, 0.0], [14.44, -1.28, 0.0], [14.47, -1.42, 0.0], [14.52, -1.56, 0.0], [14.57, -1.7, 0.0], [14.62, -1.84, 0.0], [14.68, -1.97, 0.0], [14.74, -2.11, 0.0], [14.81, -2.24, 0.0], [14.88, -2.37, 0.0], [14.95, -2.5, 0.0], [15.03, -2.62, 0.0], [15.12, -2.74, 0.0], [15.21, -2.86, 0.0], [15.3, -2.98, 0.0], [15.4, -3.09, 0.0], [15.5, -3.2, 0.0], [15.6, -3.3, 0.0], [15.71, -3.4, 0.0], [15.82, -3.5, 0.0], [15.94, -3.59, 0.0], [16.06, -3.68, 0.0], [16.18, -3.77, 0.0], [16.3, -3.85, 0.0], [16.43, -3.92, 0.0], [16.56, -3.99, 0.0], [16.69, -4.06, 0.0], [16.83, -4.12, 0.0], [16.96, -4.18, 0.0], [17.1, -4.23, 0.0], [17.24, -4.28, 0.0], [17.38, -4.33, 0.0], [17.52, -4.36, 0.0], [17.67, -4.4, 0.0], [17.81, -4.43, 0.0], [17.96, -4.45, 0.0], [18.11, -4.47, 0.0], [18.25, -4.48, 0.0], [18.4, -4.49, 0.0], [18.55, -4.49, 0.0], [18.7, -4.49, 0.0], [18.85, -4.48, 0.0], [18.99, -4.47, 0.0], [19.14, -4.45, 0.0], [19.29, -4.43, 0.0], [19.43, -4.4, 0.0], [19.58, -4.36, 0.0], [19.72, -4.33, 0.0], [19.86, -4.28, 0.0], [20.0, -4.23, 0.0], [20.14, -4.18, 0.0], [20.27, -4.12, 0.0], [20.41, -4.06, 0.0], [20.54, -3.99, 0.0], [20.67, -3.92, 0.0], [20.8, -3.85, 0.0], [20.92, -3.77, 0.0], [21.04, -3.68, 0.0], [21.16, -3.59, 0.0], [21.28, -3.5, 0.0], [21.39, -3.4, 0.0], [21.5, -3.3, 0.0], [21.6, -3.2, 0.0], [21.7, -3.09, 0.0], [21.8, -2.98, 0.0], [21.89, -2.86, 0.0], [21.98, -2.74, 0.0], [22.07, -2.62, 0.0], [22.15, -2.5, 0.0], [22.22, -2.37, 0.0], [22.29, -2.24, 0.0], [22.36, -2.11, 0.0], [22.42, -1.97, 0.0], [22.48, -1.84, 0.0], [22.53, -1.7, 0.0], [22.58, -1.56, 0.0], [22.63, -1.42, 0.0], [22.66, -1.28, 0.0], [22.7, -1.13, 0.0], [22.73, -0.99, 0.0], [22.75, -0.84, 0.0], [22.77, -0.69, 0.0], [22.78, -0.55, 0.0], [22.79, -0.4, 0.0], [22.79, -0.25, 0.0], [22.79, -0.1, 0.0], [22.78, 0.05, 0.0]], "class_name": "SelectionPolygonVolume", "orthogonal_axis": "Z", "version_major": 1, "version_minor": 0}