{"axis_max": -67.38736219707113, "axis_min": -184.09509720812244, "bounding_polygon": [[13.12, 1.02, 0.0], [13.12, 1.2, 0.0], [13.11, 1.37, 0.0], [13.09, 1.54, 0.0], [13.07, 1.72, 0.0], [13.04, 1.89, 0.0], [13.01, 2.06, 0.0], [12.97, 2.23, 0.0], [12.93, 2.4, 0.0], [12.87, 2.57, 0.0], [12.82, 2.74, 0.0], [12.75, 2.9, 0.0], [12.69, 3.06, 0.0], [12.61, 3.22, 0.0], [12.53, 3.38, 0.0], [12.45, 3.53, 0.0], [12.36, 3.68, 0.0], [12.26, 3.83, 0.0], [12.16, 3.97, 0.0], [12.06, 4.11, 0.0], [11.95, 4.25, 0.0], [11.83, 4.38, 0.0], [11.71, 4.51, 0.0], [11.59, 4.63, 0.0], [11.46, 4.75, 0.0], [11.33, 4.87, 0.0], [11.19, 4.98, 0.0], [11.05, 5.08, 0.0], [10.91, 5.18, 0.0], [10.76, 5.28, 0.0], [10.61, 5.37, 0.0], [10.46, 5.45, 0.0], [10.3, 5.53, 0.0], [10.14, 5.61, 0.0], [9.98, 5.67, 0.0], [9.82, 5.74, 0.0], [9.65, 5.79, 0.0], [9.48, 5.85, 0.0], [9.31, 5.89, 0.0], [9.14, 5.93, 0.0], [8.97, 5.96, 0.0], [8.8, 5.99, 0.0], [8.62, 6.01, 0.0], [8.45, 6.03, 0.0], [8.28, 6.04, 0.0], [8.1, 6.04, 0.0], [7.92, 6.04, 0.0], [7.75, 6.03, 0.0], [7.58, 6.01, 0.0], [7.4, 5.99, 0.0], [7.23, 5.96, 0.0], [7.06, 5.93, 0.0], [6.89, 5.89, 0.0], [6.72, 5.85, 0.0], [6.55, 5.79, 0.0], [6.38, 5.74, 0.0], [6.22, 5.67, 0.0], [6.06, 5.61, 0.0], [5.9, 5.53, 0.0], [5.74, 5.45, 0.0], [5.59, 5.37, 0.0], [5.44, 5.28, 0.0], [5.29, 5.18, 0.0], [5.15, 5.08, 0.0], [5.01, 4.98, 0.0], [4.87, 4.87, 0.0], [4.74, 4.75, 0.0], [4.61, 4.63, 0.0], [4.49, 4.51, 0.0], [4.37, 4.38, 0.0], [4.25, 4.25, 0.0], [4.14, 4.11, 0.0], [4.04, 3.97, 0.0], [3.94, 3.83, 0.0], [3.84, 3.68, 0.0], [3.75, 3.53, 0.0], [3.67, 3.38, 0.0], [3.59, 3.22, 0.0], [3.51, 3.06, 0.0], [3.45, 2.9, 0.0], [3.38, 2.74, 0.0], [3.33, 2.57, 0.0], [3.27, 2.4, 0.0], [3.23, 2.23, 0.0], [3.19, 2.06, 0.0], [3.16, 1.89, 0.0], [3.13, 1.72, 0.0], [3.11, 1.54, 0.0], [3.09, 1.37, 0.0], [3.08, 1.2, 0.0], [3.08, 1.02, 0.0], [3.08, 0.84, 0.0], [3.09, 0.67, 0.0], [3.11, 0.5, 0.0], [3.13, 0.32, 0.0], [3.16, 0.15, 0.0], [3.19, -0.02, 0.0], [3.23, -0.19, 0.0], [3.27, -0.36, 0.0], [3.33, -0.53, 0.0], [3.38, -0.7, 0.0], [3.45, -0.86, 0.0], [3.51, -1.02, 0.0], [3.59, -1.18, 0.0], [3.67, -1.34, 0.0], [3.75, -1.49, 0.0], [3.84, -1.64, 0.0], [3.94, -1.79, 0.0], [4.04, -1.93, 0.0], [4.14, -2.07, 0.0], [4.25, -2.21, 0.0], [4.37, -2.34, 0.0], [4.49, -2.47, 0.0], [4.61, -2.59, 0.0], [4.74, -2.71, 0.0], [4.87, -2.83, 0.0], [5.01, -2.94, 0.0], [5.15, -3.04, 0.0], [5.29, -3.14, 0.0], [5.44, -3.24, 0.0], [5.59, -3.33, 0.0], [5.74, -3.41, 0.0], [5.9, -3.49, 0.0], [6.06, -3.57, 0.0], [6.22, -3.63, 0.0], [6.38, -3.7, 0.0], [6.55, -3.75, 0.0], [6.72, -3.81, 0.0], [6.89, -3.85, 0.0], [7.06, -3.89, 0.0], [7.23, -3.92, 0.0], [7.4, -3.95, 0.0], [7.58, -3.97, 0.0], [7.75, -3.99, 0.0], [7.92, -4.0, 0.0], [8.1, -4.0, 0.0], [8.28, -4.0, 0.0], [8.45, -3.99, 0.0], [8.62, -3.97, 0.0], [8.8, -3.95, 0.0], [8.97, -3.92, 0.0], [9.14, -3.89, 0.0], [9.31, -3.85, 0.0], [9.48, -3.81, 0.0], [9.65, -3.75, 0.0], [9.82, -3.7, 0.0], [9.98, -3.63, 0.0], [10.14, -3.57, 0.0], [10.3, -3.49, 0.0], [10.46, -3.41, 0.0], [10.61, -3.33, 0.0], [10.76, -3.24, 0.0], [10.91, -3.14, 0.0], [11.05, -3.04, 0.0], [11.19, -2.94, 0.0], [11.33, -2.83, 0.0], [11.46, -2.71, 0.0], [11.59, -2.59, 0.0], [11.71, -2.47, 0.0], [11.83, -2.34, 0.0], [11.95, -2.21, 0.0], [12.06, -2.07, 0.0], [12.16, -1.93, 0.0], [12.26, -1.79, 0.0], [12.36, -1.64, 0.0], [12.45, -1.49, 0.0], [12.53, -1.34, 0.0], [12.61, -1.18, 0.0], [12.69, -1.02, 0.0], [12.75, -0.86, 0.0], [12.82, -0.7, 0.0], [12.87, -0.53, 0.0], [12.93, -0.36, 0.0], [12.97, -0.19, 0.0], [13.01, -0.02, 0.0], [13.04, 0.15, 0.0], [13.07, 0.32, 0.0], [13.09, 0.5, 0.0], [13.11, 0.67, 0.0], [13.12, 0.84, 0.0], [13.12, 1.02, 0.0], [13.12, 1.2, 0.0], [13.11, 1.37, 0.0]], "class_name": "SelectionPolygonVolume", "orthogonal_axis": "Z", "version_major": 1, "version_minor": 0}