{"axis_max": -67.38736219707113, "axis_min": -184.09509720812244, "bounding_polygon": [[15.13, 0.0, 0.0], [15.13, 0.23, 0.0], [15.11, 0.45, 0.0], [15.09, 0.67, 0.0], [15.07, 0.9, 0.0], [15.03, 1.12, 0.0], [14.99, 1.34, 0.0], [14.94, 1.56, 0.0], [14.88, 1.78, 0.0], [14.81, 1.99, 0.0], [14.74, 2.21, 0.0], [14.66, 2.42, 0.0], [14.57, 2.62, 0.0], [14.48, 2.83, 0.0], [14.38, 3.03, 0.0], [14.27, 3.22, 0.0], [14.15, 3.42, 0.0], [14.03, 3.61, 0.0], [13.9, 3.79, 0.0], [13.76, 3.97, 0.0], [13.62, 4.15, 0.0], [13.47, 4.32, 0.0], [13.32, 4.48, 0.0], [13.16, 4.64, 0.0], [13.0, 4.79, 0.0], [12.83, 4.94, 0.0], [12.65, 5.08, 0.0], [12.47, 5.22, 0.0], [12.29, 5.35, 0.0], [12.1, 5.47, 0.0], [11.9, 5.59, 0.0], [11.71, 5.7, 0.0], [11.51, 5.8, 0.0], [11.3, 5.89, 0.0], [11.1, 5.98, 0.0], [10.89, 6.06, 0.0], [10.67, 6.13, 0.0], [10.46, 6.2, 0.0], [10.24, 6.26, 0.0], [10.02, 6.31, 0.0], [9.8, 6.35, 0.0], [9.58, 6.39, 0.0], [9.35, 6.41, 0.0], [9.13, 6.43, 0.0], [8.91, 6.45, 0.0], [8.68, 6.45, 0.0], [8.45, 6.45, 0.0], [8.23, 6.43, 0.0], [8.01, 6.41, 0.0], [7.78, 6.39, 0.0], [7.56, 6.35, 0.0], [7.34, 6.31, 0.0], [7.12, 6.26, 0.0], [6.9, 6.2, 0.0], [6.69, 6.13, 0.0], [6.47, 6.06, 0.0], [6.26, 5.98, 0.0], [6.06, 5.89, 0.0], [5.85, 5.8, 0.0], [5.65, 5.7, 0.0], [5.46, 5.59, 0.0], [5.26, 5.47, 0.0], [5.07, 5.35, 0.0], [4.89, 5.22, 0.0], [4.71, 5.08, 0.0], [4.53, 4.94, 0.0], [4.36, 4.79, 0.0], [4.2, 4.64, 0.0], [4.04, 4.48, 0.0], [3.89, 4.32, 0.0], [3.74, 4.15, 0.0], [3.6, 3.97, 0.0], [3.46, 3.79, 0.0], [3.33, 3.61, 0.0], [3.21, 3.42, 0.0], [3.09, 3.22, 0.0], [2.98, 3.03, 0.0], [2.88, 2.83, 0.0], [2.79, 2.62, 0.0], [2.7, 2.42, 0.0], [2.62, 2.21, 0.0], [2.55, 1.99, 0.0], [2.48, 1.78, 0.0], [2.42, 1.56, 0.0], [2.37, 1.34, 0.0], [2.33, 1.12, 0.0], [2.29, 0.9, 0.0], [2.27, 0.67, 0.0], [2.25, 0.45, 0.0], [2.23, 0.23, 0.0], [2.23, 0.0, 0.0], [2.23, -0.23, 0.0], [2.25, -0.45, 0.0], [2.27, -0.67, 0.0], [2.29, -0.9, 0.0], [2.33, -1.12, 0.0], [2.37, -1.34, 0.0], [2.42, -1.56, 0.0], [2.48, -1.78, 0.0], [2.55, -1.99, 0.0], [2.62, -2.21, 0.0], [2.7, -2.42, 0.0], [2.79, -2.62, 0.0], [2.88, -2.83, 0.0], [2.98, -3.03, 0.0], [3.09, -3.23, 0.0], [3.21, -3.42, 0.0], [3.33, -3.61, 0.0], [3.46, -3.79, 0.0], [3.6, -3.97, 0.0], [3.74, -4.15, 0.0], [3.89, -4.32, 0.0], [4.04, -4.48, 0.0], [4.2, -4.64, 0.0], [4.36, -4.79, 0.0], [4.53, -4.94, 0.0], [4.71, -5.08, 0.0], [4.89, -5.22, 0.0], [5.07, -5.35, 0.0], [5.26, -5.47, 0.0], [5.45, -5.59, 0.0], [5.65, -5.7, 0.0], [5.85, -5.8, 0.0], [6.06, -5.89, 0.0], [6.26, -5.98, 0.0], [6.47, -6.06, 0.0], [6.69, -6.13, 0.0], [6.9, -6.2, 0.0], [7.12, -6.26, 0.0], [7.34, -6.31, 0.0], [7.56, -6.35, 0.0], [7.78, -6.39, 0.0], [8.01, -6.41, 0.0], [8.23, -6.43, 0.0], [8.45, -6.45, 0.0], [8.68, -6.45, 0.0], [8.91, -6.45, 0.0], [9.13, -6.43, 0.0], [9.35, -6.41, 0.0], [9.58, -6.39, 0.0], [9.8, -6.35, 0.0], [10.02, -6.31, 0.0], [10.24, -6.26, 0.0], [10.46, -6.2, 0.0], [10.67, -6.13, 0.0], [10.89, -6.06, 0.0], [11.1, -5.98, 0.0], [11.3, -5.89, 0.0], [11.51, -5.8, 0.0], [11.71, -5.7, 0.0], [11.9, -5.59, 0.0], [12.1, -5.47, 0.0], [12.29, -5.35, 0.0], [12.47, -5.22, 0.0], [12.65, -5.08, 0.0], [12.83, -4.94, 0.0], [13.0, -4.79, 0.0], [13.16, -4.64, 0.0], [13.32, -4.48, 0.0], [13.47, -4.32, 0.0], [13.62, -4.15, 0.0], [13.76, -3.97, 0.0], [13.9, -3.79, 0.0], [14.03, -3.61, 0.0], [14.15, -3.42, 0.0], [14.27, -3.23, 0.0], [14.38, -3.03, 0.0], [14.48, -2.83, 0.0], [14.57, -2.62, 0.0], [14.66, -2.42, 0.0], [14.74, -2.21, 0.0], [14.81, -1.99, 0.0], [14.88, -1.78, 0.0], [14.94, -1.56, 0.0], [14.99, -1.34, 0.0], [15.03, -1.12, 0.0], [15.07, -0.9, 0.0], [15.09, -0.67, 0.0], [15.11, -0.45, 0.0], [15.13, -0.23, 0.0], [15.13, -0.0, 0.0], [15.13, 0.23, 0.0], [15.11, 0.45, 0.0]], "class_name": "SelectionPolygonVolume", "orthogonal_axis": "Z", "version_major": 1, "version_minor": 0}