{"axis_max": -67.38736219707113, "axis_min": -184.09509720812244, "bounding_polygon": [[13.59, 0.51, 0.0], [13.59, 0.7, 0.0], [13.58, 0.89, 0.0], [13.56, 1.08, 0.0], [13.54, 1.27, 0.0], [13.51, 1.45, 0.0], [13.47, 1.64, 0.0], [13.43, 1.83, 0.0], [13.38, 2.01, 0.0], [13.32, 2.19, 0.0], [13.26, 2.37, 0.0], [13.19, 2.55, 0.0], [13.12, 2.72, 0.0], [13.04, 2.89, 0.0], [12.95, 3.06, 0.0], [12.86, 3.23, 0.0], [12.76, 3.39, 0.0], [12.66, 3.55, 0.0], [12.55, 3.71, 0.0], [12.44, 3.86, 0.0], [12.32, 4.01, 0.0], [12.19, 4.15, 0.0], [12.06, 4.29, 0.0], [11.93, 4.42, 0.0], [11.79, 4.55, 0.0], [11.65, 4.68, 0.0], [11.5, 4.8, 0.0], [11.35, 4.91, 0.0], [11.19, 5.02, 0.0], [11.03, 5.12, 0.0], [10.87, 5.22, 0.0], [10.7, 5.31, 0.0], [10.53, 5.4, 0.0], [10.36, 5.48, 0.0], [10.19, 5.55, 0.0], [10.01, 5.62, 0.0], [9.83, 5.68, 0.0], [9.65, 5.74, 0.0], [9.47, 5.79, 0.0], [9.28, 5.83, 0.0], [9.09, 5.87, 0.0], [8.91, 5.9, 0.0], [8.72, 5.92, 0.0], [8.53, 5.94, 0.0], [8.34, 5.95, 0.0], [8.15, 5.95, 0.0], [7.96, 5.95, 0.0], [7.77, 5.94, 0.0], [7.58, 5.92, 0.0], [7.39, 5.9, 0.0], [7.21, 5.87, 0.0], [7.02, 5.83, 0.0], [6.83, 5.79, 0.0], [6.65, 5.74, 0.0], [6.47, 5.68, 0.0], [6.29, 5.62, 0.0], [6.11, 5.55, 0.0], [5.94, 5.48, 0.0], [5.77, 5.4, 0.0], [5.6, 5.31, 0.0], [5.43, 5.22, 0.0], [5.27, 5.12, 0.0], [5.11, 5.02, 0.0], [4.95, 4.91, 0.0], [4.8, 4.8, 0.0], [4.65, 4.68, 0.0], [4.51, 4.55, 0.0], [4.37, 4.42, 0.0], [4.24, 4.29, 0.0], [4.11, 4.15, 0.0], [3.98, 4.01, 0.0], [3.86, 3.86, 0.0], [3.75, 3.71, 0.0], [3.64, 3.55, 0.0], [3.54, 3.39, 0.0], [3.44, 3.23, 0.0], [3.35, 3.06, 0.0], [3.26, 2.89, 0.0], [3.18, 2.72, 0.0], [3.11, 2.55, 0.0], [3.04, 2.37, 0.0], [2.98, 2.19, 0.0], [2.92, 2.01, 0.0], [2.87, 1.83, 0.0], [2.83, 1.64, 0.0], [2.79, 1.45, 0.0], [2.76, 1.27, 0.0], [2.74, 1.08, 0.0], [2.72, 0.89, 0.0], [2.71, 0.7, 0.0], [2.71, 0.51, 0.0], [2.71, 0.32, 0.0], [2.72, 0.13, 0.0], [2.74, -0.06, 0.0], [2.76, -0.25, 0.0], [2.79, -0.43, 0.0], [2.83, -0.62, 0.0], [2.87, -0.81, 0.0], [2.92, -0.99, 0.0], [2.98, -1.17, 0.0], [3.04, -1.35, 0.0], [3.11, -1.53, 0.0], [3.18, -1.7, 0.0], [3.26, -1.87, 0.0], [3.35, -2.04, 0.0], [3.44, -2.21, 0.0], [3.54, -2.37, 0.0], [3.64, -2.53, 0.0], [3.75, -2.69, 0.0], [3.86, -2.84, 0.0], [3.98, -2.99, 0.0], [4.11, -3.13, 0.0], [4.24, -3.27, 0.0], [4.37, -3.4, 0.0], [4.51, -3.53, 0.0], [4.65, -3.66, 0.0], [4.8, -3.78, 0.0], [4.95, -3.89, 0.0], [5.11, -4.0, 0.0], [5.27, -4.1, 0.0], [5.43, -4.2, 0.0], [5.6, -4.29, 0.0], [5.77, -4.38, 0.0], [5.94, -4.46, 0.0], [6.11, -4.53, 0.0], [6.29, -4.6, 0.0], [6.47, -4.66, 0.0], [6.65, -4.72, 0.0], [6.83, -4.77, 0.0], [7.02, -4.81, 0.0], [7.21, -4.85, 0.0], [7.39, -4.88, 0.0], [7.58, -4.9, 0.0], [7.77, -4.92, 0.0], [7.96, -4.93, 0.0], [8.15, -4.93, 0.0], [8.34, -4.93, 0.0], [8.53, -4.92, 0.0], [8.72, -4.9, 0.0], [8.91, -4.88, 0.0], [9.09, -4.85, 0.0], [9.28, -4.81, 0.0], [9.47, -4.77, 0.0], [9.65, -4.72, 0.0], [9.83, -4.66, 0.0], [10.01, -4.6, 0.0], [10.19, -4.53, 0.0], [10.36, -4.46, 0.0], [10.53, -4.38, 0.0], [10.7, -4.29, 0.0], [10.87, -4.2, 0.0], [11.03, -4.1, 0.0], [11.19, -4.0, 0.0], [11.35, -3.89, 0.0], [11.5, -3.78, 0.0], [11.65, -3.66, 0.0], [11.79, -3.53, 0.0], [11.93, -3.4, 0.0], [12.06, -3.27, 0.0], [12.19, -3.13, 0.0], [12.32, -2.99, 0.0], [12.44, -2.84, 0.0], [12.55, -2.69, 0.0], [12.66, -2.53, 0.0], [12.76, -2.37, 0.0], [12.86, -2.21, 0.0], [12.95, -2.04, 0.0], [13.04, -1.87, 0.0], [13.12, -1.7, 0.0], [13.19, -1.53, 0.0], [13.26, -1.35, 0.0], [13.32, -1.17, 0.0], [13.38, -0.99, 0.0], [13.43, -0.81, 0.0], [13.47, -0.62, 0.0], [13.51, -0.43, 0.0], [13.54, -0.25, 0.0], [13.56, -0.06, 0.0], [13.58, 0.13, 0.0], [13.59, 0.32, 0.0], [13.59, 0.51, 0.0], [13.59, 0.7, 0.0], [13.58, 0.89, 0.0]], "class_name": "SelectionPolygonVolume", "orthogonal_axis": "Z", "version_major": 1, "version_minor": 0}