{"axis_max": -67.38736219707113, "axis_min": -184.09509720812244, "bounding_polygon": [[34.39, -1.24, 0.0], [34.39, -0.99, 0.0], [34.37, -0.74, 0.0], [34.35, -0.49, 0.0], [34.32, -0.24, 0.0], [34.28, 0.01, 0.0], [34.23, 0.26, 0.0], [34.18, 0.5, 0.0], [34.11, 0.74, 0.0], [34.04, 0.98, 0.0], [33.96, 1.22, 0.0], [33.87, 1.46, 0.0], [33.77, 1.69, 0.0], [33.66, 1.92, 0.0], [33.55, 2.14, 0.0], [33.43, 2.36, 0.0], [33.3, 2.58, 0.0], [33.16, 2.79, 0.0], [33.01, 2.99, 0.0], [32.86, 3.19, 0.0], [32.71, 3.39, 0.0], [32.54, 3.58, 0.0], [32.37, 3.76, 0.0], [32.19, 3.94, 0.0], [32.01, 4.11, 0.0], [31.82, 4.28, 0.0], [31.62, 4.43, 0.0], [31.42, 4.58, 0.0], [31.22, 4.73, 0.0], [31.01, 4.87, 0.0], [30.79, 5.0, 0.0], [30.57, 5.12, 0.0], [30.35, 5.23, 0.0], [30.12, 5.34, 0.0], [29.89, 5.44, 0.0], [29.65, 5.53, 0.0], [29.41, 5.61, 0.0], [29.17, 5.68, 0.0], [28.93, 5.75, 0.0], [28.69, 5.8, 0.0], [28.44, 5.85, 0.0], [28.19, 5.89, 0.0], [27.94, 5.92, 0.0], [27.69, 5.94, 0.0], [27.44, 5.96, 0.0], [27.19, 5.96, 0.0], [26.94, 5.96, 0.0], [26.69, 5.94, 0.0], [26.44, 5.92, 0.0], [26.19, 5.89, 0.0], [25.94, 5.85, 0.0], [25.69, 5.8, 0.0], [25.45, 5.75, 0.0], [25.21, 5.68, 0.0], [24.97, 5.61, 0.0], [24.73, 5.53, 0.0], [24.49, 5.44, 0.0], [24.26, 5.34, 0.0], [24.03, 5.23, 0.0], [23.81, 5.12, 0.0], [23.59, 5.0, 0.0], [23.37, 4.87, 0.0], [23.16, 4.73, 0.0], [22.96, 4.58, 0.0], [22.76, 4.43, 0.0], [22.56, 4.28, 0.0], [22.37, 4.11, 0.0], [22.19, 3.94, 0.0], [22.01, 3.76, 0.0], [21.84, 3.58, 0.0], [21.67, 3.39, 0.0], [21.52, 3.19, 0.0], [21.37, 2.99, 0.0], [21.22, 2.79, 0.0], [21.08, 2.58, 0.0], [20.95, 2.36, 0.0], [20.83, 2.14, 0.0], [20.72, 1.92, 0.0], [20.61, 1.69, 0.0], [20.51, 1.46, 0.0], [20.42, 1.22, 0.0], [20.34, 0.98, 0.0], [20.27, 0.74, 0.0], [20.2, 0.5, 0.0], [20.15, 0.26, 0.0], [20.1, 0.01, 0.0], [20.06, -0.24, 0.0], [20.03, -0.49, 0.0], [20.01, -0.74, 0.0], [19.99, -0.99, 0.0], [19.99, -1.24, 0.0], [19.99, -1.49, 0.0], [20.01, -1.74, 0.0], [20.03, -1.99, 0.0], [20.06, -2.24, 0.0], [20.1, -2.49, 0.0], [20.15, -2.74, 0.0], [20.2, -2.98, 0.0], [20.27, -3.22, 0.0], [20.34, -3.46, 0.0], [20.42, -3.7, 0.0], [20.51, -3.94, 0.0], [20.61, -4.17, 0.0], [20.72, -4.4, 0.0], [20.83, -4.62, 0.0], [20.95, -4.84, 0.0], [21.08, -5.06, 0.0], [21.22, -5.27, 0.0], [21.37, -5.47, 0.0], [21.52, -5.67, 0.0], [21.67, -5.87, 0.0], [21.84, -6.06, 0.0], [22.01, -6.24, 0.0], [22.19, -6.42, 0.0], [22.37, -6.59, 0.0], [22.56, -6.76, 0.0], [22.76, -6.91, 0.0], [22.96, -7.06, 0.0], [23.16, -7.21, 0.0], [23.37, -7.35, 0.0], [23.59, -7.48, 0.0], [23.81, -7.6, 0.0], [24.03, -7.71, 0.0], [24.26, -7.82, 0.0], [24.49, -7.92, 0.0], [24.73, -8.01, 0.0], [24.97, -8.09, 0.0], [25.21, -8.16, 0.0], [25.45, -8.23, 0.0], [25.69, -8.28, 0.0], [25.94, -8.33, 0.0], [26.19, -8.37, 0.0], [26.44, -8.4, 0.0], [26.69, -8.42, 0.0], [26.94, -8.44, 0.0], [27.19, -8.44, 0.0], [27.44, -8.44, 0.0], [27.69, -8.42, 0.0], [27.94, -8.4, 0.0], [28.19, -8.37, 0.0], [28.44, -8.33, 0.0], [28.69, -8.28, 0.0], [28.93, -8.23, 0.0], [29.17, -8.16, 0.0], [29.41, -8.09, 0.0], [29.65, -8.01, 0.0], [29.89, -7.92, 0.0], [30.12, -7.82, 0.0], [30.35, -7.71, 0.0], [30.57, -7.6, 0.0], [30.79, -7.48, 0.0], [31.01, -7.35, 0.0], [31.22, -7.21, 0.0], [31.42, -7.06, 0.0], [31.62, -6.91, 0.0], [31.82, -6.76, 0.0], [32.01, -6.59, 0.0], [32.19, -6.42, 0.0], [32.37, -6.24, 0.0], [32.54, -6.06, 0.0], [32.71, -5.87, 0.0], [32.86, -5.67, 0.0], [33.01, -5.47, 0.0], [33.16, -5.27, 0.0], [33.3, -5.06, 0.0], [33.43, -4.84, 0.0], [33.55, -4.62, 0.0], [33.66, -4.4, 0.0], [33.77, -4.17, 0.0], [33.87, -3.94, 0.0], [33.96, -3.7, 0.0], [34.04, -3.46, 0.0], [34.11, -3.22, 0.0], [34.18, -2.98, 0.0], [34.23, -2.74, 0.0], [34.28, -2.49, 0.0], [34.32, -2.24, 0.0], [34.35, -1.99, 0.0], [34.37, -1.74, 0.0], [34.39, -1.49, 0.0], [34.39, -1.24, 0.0], [34.39, -0.99, 0.0], [34.37, -0.74, 0.0]], "class_name": "SelectionPolygonVolume", "orthogonal_axis": "Z", "version_major": 1, "version_minor": 0}