{"axis_max": -67.38736219707113, "axis_min": -184.09509720812244, "bounding_polygon": [[21.28, 0.0, 0.0], [21.28, 0.2, 0.0], [21.27, 0.4, 0.0], [21.25, 0.6, 0.0], [21.22, 0.8, 0.0], [21.19, 1.0, 0.0], [21.15, 1.19, 0.0], [21.11, 1.39, 0.0], [21.06, 1.58, 0.0], [21.0, 1.77, 0.0], [20.93, 1.96, 0.0], [20.86, 2.15, 0.0], [20.78, 2.33, 0.0], [20.7, 2.51, 0.0], [20.61, 2.69, 0.0], [20.51, 2.86, 0.0], [20.41, 3.04, 0.0], [20.3, 3.2, 0.0], [20.19, 3.37, 0.0], [20.07, 3.53, 0.0], [19.94, 3.68, 0.0], [19.81, 3.83, 0.0], [19.67, 3.98, 0.0], [19.53, 4.12, 0.0], [19.38, 4.26, 0.0], [19.23, 4.39, 0.0], [19.08, 4.52, 0.0], [18.92, 4.64, 0.0], [18.75, 4.75, 0.0], [18.59, 4.86, 0.0], [18.42, 4.96, 0.0], [18.24, 5.06, 0.0], [18.06, 5.15, 0.0], [17.88, 5.23, 0.0], [17.7, 5.31, 0.0], [17.51, 5.38, 0.0], [17.32, 5.45, 0.0], [17.13, 5.51, 0.0], [16.94, 5.56, 0.0], [16.74, 5.6, 0.0], [16.55, 5.64, 0.0], [16.35, 5.67, 0.0], [16.15, 5.7, 0.0], [15.95, 5.72, 0.0], [15.75, 5.73, 0.0], [15.55, 5.73, 0.0], [15.35, 5.73, 0.0], [15.15, 5.72, 0.0], [14.95, 5.7, 0.0], [14.75, 5.67, 0.0], [14.55, 5.64, 0.0], [14.36, 5.6, 0.0], [14.16, 5.56, 0.0], [13.97, 5.51, 0.0], [13.78, 5.45, 0.0], [13.59, 5.38, 0.0], [13.4, 5.31, 0.0], [13.22, 5.23, 0.0], [13.04, 5.15, 0.0], [12.86, 5.06, 0.0], [12.69, 4.96, 0.0], [12.51, 4.86, 0.0], [12.35, 4.75, 0.0], [12.18, 4.64, 0.0], [12.02, 4.52, 0.0], [11.87, 4.39, 0.0], [11.72, 4.26, 0.0], [11.57, 4.12, 0.0], [11.43, 3.98, 0.0], [11.29, 3.83, 0.0], [11.16, 3.68, 0.0], [11.03, 3.53, 0.0], [10.91, 3.37, 0.0], [10.8, 3.2, 0.0], [10.69, 3.04, 0.0], [10.59, 2.86, 0.0], [10.49, 2.69, 0.0], [10.4, 2.51, 0.0], [10.32, 2.33, 0.0], [10.24, 2.15, 0.0], [10.17, 1.96, 0.0], [10.1, 1.77, 0.0], [10.04, 1.58, 0.0], [9.99, 1.39, 0.0], [9.95, 1.19, 0.0], [9.91, 1.0, 0.0], [9.88, 0.8, 0.0], [9.85, 0.6, 0.0], [9.83, 0.4, 0.0], [9.82, 0.2, 0.0], [9.82, 0.0, 0.0], [9.82, -0.2, 0.0], [9.83, -0.4, 0.0], [9.85, -0.6, 0.0], [9.88, -0.8, 0.0], [9.91, -1.0, 0.0], [9.95, -1.19, 0.0], [9.99, -1.39, 0.0], [10.04, -1.58, 0.0], [10.1, -1.77, 0.0], [10.17, -1.96, 0.0], [10.24, -2.15, 0.0], [10.32, -2.33, 0.0], [10.4, -2.51, 0.0], [10.49, -2.69, 0.0], [10.59, -2.87, 0.0], [10.69, -3.04, 0.0], [10.8, -3.2, 0.0], [10.91, -3.37, 0.0], [11.03, -3.53, 0.0], [11.16, -3.68, 0.0], [11.29, -3.83, 0.0], [11.43, -3.98, 0.0], [11.57, -4.12, 0.0], [11.72, -4.26, 0.0], [11.87, -4.39, 0.0], [12.02, -4.52, 0.0], [12.18, -4.64, 0.0], [12.35, -4.75, 0.0], [12.51, -4.86, 0.0], [12.68, -4.96, 0.0], [12.86, -5.06, 0.0], [13.04, -5.15, 0.0], [13.22, -5.23, 0.0], [13.4, -5.31, 0.0], [13.59, -5.38, 0.0], [13.78, -5.45, 0.0], [13.97, -5.51, 0.0], [14.16, -5.56, 0.0], [14.36, -5.6, 0.0], [14.55, -5.64, 0.0], [14.75, -5.67, 0.0], [14.95, -5.7, 0.0], [15.15, -5.72, 0.0], [15.35, -5.73, 0.0], [15.55, -5.73, 0.0], [15.75, -5.73, 0.0], [15.95, -5.72, 0.0], [16.15, -5.7, 0.0], [16.35, -5.67, 0.0], [16.55, -5.64, 0.0], [16.74, -5.6, 0.0], [16.94, -5.56, 0.0], [17.13, -5.51, 0.0], [17.32, -5.45, 0.0], [17.51, -5.38, 0.0], [17.7, -5.31, 0.0], [17.88, -5.23, 0.0], [18.06, -5.15, 0.0], [18.24, -5.06, 0.0], [18.42, -4.96, 0.0], [18.59, -4.86, 0.0], [18.75, -4.75, 0.0], [18.92, -4.64, 0.0], [19.08, -4.52, 0.0], [19.23, -4.39, 0.0], [19.38, -4.26, 0.0], [19.53, -4.12, 0.0], [19.67, -3.98, 0.0], [19.81, -3.83, 0.0], [19.94, -3.68, 0.0], [20.07, -3.53, 0.0], [20.19, -3.37, 0.0], [20.3, -3.2, 0.0], [20.41, -3.04, 0.0], [20.51, -2.87, 0.0], [20.61, -2.69, 0.0], [20.7, -2.51, 0.0], [20.78, -2.33, 0.0], [20.86, -2.15, 0.0], [20.93, -1.96, 0.0], [21.0, -1.77, 0.0], [21.06, -1.58, 0.0], [21.11, -1.39, 0.0], [21.15, -1.19, 0.0], [21.19, -1.0, 0.0], [21.22, -0.8, 0.0], [21.25, -0.6, 0.0], [21.27, -0.4, 0.0], [21.28, -0.2, 0.0], [21.28, -0.0, 0.0], [21.28, 0.2, 0.0], [21.27, 0.4, 0.0]], "class_name": "SelectionPolygonVolume", "orthogonal_axis": "Z", "version_major": 1, "version_minor": 0}