{
	"axis_max" : -67.387362197069876,
	"axis_min" : -184.0950972081211,
	"bounding_polygon" : 
	[
		[ -3.3508039725926739, 25.480947214309605, 0.0 ],
		[ 27.700036760533035, 25.480947214309605, 0.0 ],
		[ 27.700036760533035, -3.5632044757419274, 0.0 ],
		[ -3.3508039725926739, -3.5632044757419274, 0.0 ]
	],
	"class_name" : "SelectionPolygonVolume",
	"orthogonal_axis" : "Z",
	"version_major" : 1,
	"version_minor" : 0
}