{
	"axis_max" : -67.387362197069876,
	"axis_min" : -184.0950972081211,
	"bounding_polygon" : 
	[
		[ -7.8922534675736449, 6.3646146474029663, 0.0 ],
		[ 8.7949330488680566, 6.3646146474029663, 0.0 ],
		[ 8.7949330488680566, -8.3158838432049009, 0.0 ],
		[ -7.8922534675736449, -8.3158838432049009, 0.0 ]
	],
	"class_name" : "SelectionPolygonVolume",
	"orthogonal_axis" : "Z",
	"version_major" : 1,
	"version_minor" : 0
}