{"axis_max": -67.38736219707113, "axis_min": -184.09509720812244, "bounding_polygon": [[33.92, -0.5, 0.0], [33.92, -0.32, 0.0], [33.91, -0.14, 0.0], [33.89, 0.05, 0.0], [33.87, 0.23, 0.0], [33.84, 0.41, 0.0], [33.81, 0.59, 0.0], [33.76, 0.77, 0.0], [33.72, 0.94, 0.0], [33.66, 1.12, 0.0], [33.6, 1.29, 0.0], [33.54, 1.46, 0.0], [33.47, 1.63, 0.0], [33.39, 1.79, 0.0], [33.31, 1.96, 0.0], [33.22, 2.11, 0.0], [33.13, 2.27, 0.0], [33.03, 2.42, 0.0], [32.92, 2.57, 0.0], [32.81, 2.72, 0.0], [32.7, 2.86, 0.0], [32.58, 3.0, 0.0], [32.45, 3.13, 0.0], [32.32, 3.26, 0.0], [32.19, 3.39, 0.0], [32.05, 3.51, 0.0], [31.91, 3.62, 0.0], [31.76, 3.73, 0.0], [31.61, 3.84, 0.0], [31.46, 3.94, 0.0], [31.31, 4.03, 0.0], [31.15, 4.12, 0.0], [30.98, 4.2, 0.0], [30.82, 4.28, 0.0], [30.65, 4.35, 0.0], [30.48, 4.41, 0.0], [30.31, 4.47, 0.0], [30.13, 4.53, 0.0], [29.96, 4.57, 0.0], [29.78, 4.62, 0.0], [29.6, 4.65, 0.0], [29.42, 4.68, 0.0], [29.24, 4.7, 0.0], [29.05, 4.72, 0.0], [28.87, 4.73, 0.0], [28.69, 4.73, 0.0], [28.51, 4.73, 0.0], [28.33, 4.72, 0.0], [28.14, 4.7, 0.0], [27.96, 4.68, 0.0], [27.78, 4.65, 0.0], [27.6, 4.62, 0.0], [27.42, 4.57, 0.0], [27.25, 4.53, 0.0], [27.07, 4.47, 0.0], [26.9, 4.41, 0.0], [26.73, 4.35, 0.0], [26.56, 4.28, 0.0], [26.4, 4.2, 0.0], [26.23, 4.12, 0.0], [26.08, 4.03, 0.0], [25.92, 3.94, 0.0], [25.77, 3.84, 0.0], [25.62, 3.73, 0.0], [25.47, 3.62, 0.0], [25.33, 3.51, 0.0], [25.19, 3.39, 0.0], [25.06, 3.26, 0.0], [24.93, 3.13, 0.0], [24.8, 3.0, 0.0], [24.68, 2.86, 0.0], [24.57, 2.72, 0.0], [24.46, 2.57, 0.0], [24.35, 2.42, 0.0], [24.25, 2.27, 0.0], [24.16, 2.11, 0.0], [24.07, 1.96, 0.0], [23.99, 1.79, 0.0], [23.91, 1.63, 0.0], [23.84, 1.46, 0.0], [23.78, 1.29, 0.0], [23.72, 1.12, 0.0], [23.66, 0.94, 0.0], [23.62, 0.77, 0.0], [23.57, 0.59, 0.0], [23.54, 0.41, 0.0], [23.51, 0.23, 0.0], [23.49, 0.05, 0.0], [23.47, -0.14, 0.0], [23.46, -0.32, 0.0], [23.46, -0.5, 0.0], [23.46, -0.68, 0.0], [23.47, -0.86, 0.0], [23.49, -1.05, 0.0], [23.51, -1.23, 0.0], [23.54, -1.41, 0.0], [23.57, -1.59, 0.0], [23.62, -1.77, 0.0], [23.66, -1.94, 0.0], [23.72, -2.12, 0.0], [23.78, -2.29, 0.0], [23.84, -2.46, 0.0], [23.91, -2.63, 0.0], [23.99, -2.79, 0.0], [24.07, -2.96, 0.0], [24.16, -3.12, 0.0], [24.25, -3.27, 0.0], [24.35, -3.42, 0.0], [24.46, -3.57, 0.0], [24.57, -3.72, 0.0], [24.68, -3.86, 0.0], [24.8, -4.0, 0.0], [24.93, -4.13, 0.0], [25.06, -4.26, 0.0], [25.19, -4.39, 0.0], [25.33, -4.51, 0.0], [25.47, -4.62, 0.0], [25.62, -4.73, 0.0], [25.77, -4.84, 0.0], [25.92, -4.94, 0.0], [26.08, -5.03, 0.0], [26.23, -5.12, 0.0], [26.4, -5.2, 0.0], [26.56, -5.28, 0.0], [26.73, -5.35, 0.0], [26.9, -5.41, 0.0], [27.07, -5.47, 0.0], [27.25, -5.53, 0.0], [27.42, -5.57, 0.0], [27.6, -5.62, 0.0], [27.78, -5.65, 0.0], [27.96, -5.68, 0.0], [28.14, -5.7, 0.0], [28.33, -5.72, 0.0], [28.51, -5.73, 0.0], [28.69, -5.73, 0.0], [28.87, -5.73, 0.0], [29.05, -5.72, 0.0], [29.24, -5.7, 0.0], [29.42, -5.68, 0.0], [29.6, -5.65, 0.0], [29.78, -5.62, 0.0], [29.96, -5.57, 0.0], [30.13, -5.53, 0.0], [30.31, -5.47, 0.0], [30.48, -5.41, 0.0], [30.65, -5.35, 0.0], [30.82, -5.28, 0.0], [30.98, -5.2, 0.0], [31.15, -5.12, 0.0], [31.31, -5.03, 0.0], [31.46, -4.94, 0.0], [31.61, -4.84, 0.0], [31.76, -4.73, 0.0], [31.91, -4.62, 0.0], [32.05, -4.51, 0.0], [32.19, -4.39, 0.0], [32.32, -4.26, 0.0], [32.45, -4.13, 0.0], [32.58, -4.0, 0.0], [32.7, -3.86, 0.0], [32.81, -3.72, 0.0], [32.92, -3.57, 0.0], [33.03, -3.42, 0.0], [33.13, -3.27, 0.0], [33.22, -3.12, 0.0], [33.31, -2.96, 0.0], [33.39, -2.79, 0.0], [33.47, -2.63, 0.0], [33.54, -2.46, 0.0], [33.6, -2.29, 0.0], [33.66, -2.12, 0.0], [33.72, -1.94, 0.0], [33.76, -1.77, 0.0], [33.81, -1.59, 0.0], [33.84, -1.41, 0.0], [33.87, -1.23, 0.0], [33.89, -1.05, 0.0], [33.91, -0.86, 0.0], [33.92, -0.68, 0.0], [33.92, -0.5, 0.0], [33.92, -0.32, 0.0], [33.91, -0.14, 0.0]], "class_name": "SelectionPolygonVolume", "orthogonal_axis": "Z", "version_major": 1, "version_minor": 0}