{"axis_max": -67.38736219707113, "axis_min": -184.09509720812244, "bounding_polygon": [[11.06, 0.48, 0.0], [11.05, 0.84, 0.0], [11.03, 1.2, 0.0], [11.0, 1.55, 0.0], [10.96, 1.91, 0.0], [10.9, 2.26, 0.0], [10.84, 2.62, 0.0], [10.75, 2.96, 0.0], [10.66, 3.31, 0.0], [10.56, 3.65, 0.0], [10.44, 3.99, 0.0], [10.31, 4.33, 0.0], [10.17, 4.66, 0.0], [10.02, 4.98, 0.0], [9.86, 5.3, 0.0], [9.68, 5.61, 0.0], [9.5, 5.92, 0.0], [9.3, 6.22, 0.0], [9.1, 6.52, 0.0], [8.88, 6.8, 0.0], [8.66, 7.08, 0.0], [8.42, 7.35, 0.0], [8.18, 7.61, 0.0], [7.92, 7.87, 0.0], [7.66, 8.11, 0.0], [7.39, 8.35, 0.0], [7.11, 8.57, 0.0], [6.83, 8.79, 0.0], [6.53, 8.99, 0.0], [6.23, 9.19, 0.0], [5.93, 9.37, 0.0], [5.61, 9.55, 0.0], [5.29, 9.71, 0.0], [4.97, 9.86, 0.0], [4.64, 10.0, 0.0], [4.3, 10.13, 0.0], [3.96, 10.25, 0.0], [3.62, 10.35, 0.0], [3.27, 10.44, 0.0], [2.93, 10.53, 0.0], [2.57, 10.59, 0.0], [2.22, 10.65, 0.0], [1.86, 10.69, 0.0], [1.51, 10.72, 0.0], [1.15, 10.74, 0.0], [0.79, 10.75, 0.0], [0.43, 10.74, 0.0], [0.07, 10.72, 0.0], [-0.28, 10.69, 0.0], [-0.64, 10.65, 0.0], [-0.99, 10.59, 0.0], [-1.35, 10.53, 0.0], [-1.69, 10.44, 0.0], [-2.04, 10.35, 0.0], [-2.38, 10.25, 0.0], [-2.72, 10.13, 0.0], [-3.06, 10.0, 0.0], [-3.39, 9.86, 0.0], [-3.71, 9.71, 0.0], [-4.03, 9.55, 0.0], [-4.34, 9.37, 0.0], [-4.65, 9.19, 0.0], [-4.95, 8.99, 0.0], [-5.25, 8.79, 0.0], [-5.53, 8.57, 0.0], [-5.81, 8.35, 0.0], [-6.08, 8.11, 0.0], [-6.34, 7.87, 0.0], [-6.6, 7.61, 0.0], [-6.84, 7.35, 0.0], [-7.08, 7.08, 0.0], [-7.3, 6.8, 0.0], [-7.52, 6.52, 0.0], [-7.72, 6.22, 0.0], [-7.92, 5.92, 0.0], [-8.1, 5.61, 0.0], [-8.28, 5.3, 0.0], [-8.44, 4.98, 0.0], [-8.59, 4.66, 0.0], [-8.73, 4.33, 0.0], [-8.86, 3.99, 0.0], [-8.98, 3.65, 0.0], [-9.08, 3.31, 0.0], [-9.17, 2.96, 0.0], [-9.26, 2.62, 0.0], [-9.32, 2.26, 0.0], [-9.38, 1.91, 0.0], [-9.42, 1.55, 0.0], [-9.45, 1.2, 0.0], [-9.47, 0.84, 0.0], [-9.48, 0.48, 0.0], [-9.47, 0.12, 0.0], [-9.45, -0.24, 0.0], [-9.42, -0.59, 0.0], [-9.38, -0.95, 0.0], [-9.32, -1.3, 0.0], [-9.26, -1.66, 0.0], [-9.17, -2.0, 0.0], [-9.08, -2.35, 0.0], [-8.98, -2.69, 0.0], [-8.86, -3.03, 0.0], [-8.73, -3.37, 0.0], [-8.59, -3.7, 0.0], [-8.44, -4.02, 0.0], [-8.28, -4.34, 0.0], [-8.1, -4.66, 0.0], [-7.92, -4.96, 0.0], [-7.72, -5.26, 0.0], [-7.52, -5.56, 0.0], [-7.3, -5.84, 0.0], [-7.08, -6.12, 0.0], [-6.84, -6.39, 0.0], [-6.6, -6.65, 0.0], [-6.34, -6.91, 0.0], [-6.08, -7.15, 0.0], [-5.81, -7.39, 0.0], [-5.53, -7.61, 0.0], [-5.25, -7.83, 0.0], [-4.95, -8.03, 0.0], [-4.65, -8.23, 0.0], [-4.35, -8.41, 0.0], [-4.03, -8.59, 0.0], [-3.71, -8.75, 0.0], [-3.39, -8.9, 0.0], [-3.06, -9.04, 0.0], [-2.72, -9.17, 0.0], [-2.38, -9.29, 0.0], [-2.04, -9.39, 0.0], [-1.69, -9.48, 0.0], [-1.35, -9.57, 0.0], [-0.99, -9.63, 0.0], [-0.64, -9.69, 0.0], [-0.28, -9.73, 0.0], [0.07, -9.76, 0.0], [0.43, -9.78, 0.0], [0.79, -9.79, 0.0], [1.15, -9.78, 0.0], [1.51, -9.76, 0.0], [1.86, -9.73, 0.0], [2.22, -9.69, 0.0], [2.57, -9.63, 0.0], [2.93, -9.57, 0.0], [3.27, -9.48, 0.0], [3.62, -9.39, 0.0], [3.96, -9.29, 0.0], [4.3, -9.17, 0.0], [4.64, -9.04, 0.0], [4.97, -8.9, 0.0], [5.29, -8.75, 0.0], [5.61, -8.59, 0.0], [5.93, -8.41, 0.0], [6.23, -8.23, 0.0], [6.53, -8.03, 0.0], [6.83, -7.83, 0.0], [7.11, -7.61, 0.0], [7.39, -7.39, 0.0], [7.66, -7.15, 0.0], [7.92, -6.91, 0.0], [8.18, -6.65, 0.0], [8.42, -6.39, 0.0], [8.66, -6.12, 0.0], [8.88, -5.84, 0.0], [9.1, -5.56, 0.0], [9.3, -5.26, 0.0], [9.5, -4.96, 0.0], [9.68, -4.66, 0.0], [9.86, -4.34, 0.0], [10.02, -4.02, 0.0], [10.17, -3.7, 0.0], [10.31, -3.37, 0.0], [10.44, -3.03, 0.0], [10.56, -2.69, 0.0], [10.66, -2.35, 0.0], [10.75, -2.0, 0.0], [10.84, -1.66, 0.0], [10.9, -1.3, 0.0], [10.96, -0.95, 0.0], [11.0, -0.59, 0.0], [11.03, -0.24, 0.0], [11.05, 0.12, 0.0], [11.06, 0.48, 0.0], [11.05, 0.84, 0.0], [11.03, 1.2, 0.0]], "class_name": "SelectionPolygonVolume", "orthogonal_axis": "Z", "version_major": 1, "version_minor": 0}