{"axis_max": -67.38736219707113, "axis_min": -184.09509720812244, "bounding_polygon": [[14.05, 0.5, 0.0], [14.04, 1.04, 0.0], [14.01, 1.58, 0.0], [13.97, 2.11, 0.0], [13.9, 2.65, 0.0], [13.82, 3.18, 0.0], [13.71, 3.71, 0.0], [13.59, 4.23, 0.0], [13.45, 4.75, 0.0], [13.29, 5.27, 0.0], [13.12, 5.78, 0.0], [12.93, 6.28, 0.0], [12.72, 6.78, 0.0], [12.49, 7.26, 0.0], [12.24, 7.74, 0.0], [11.98, 8.22, 0.0], [11.71, 8.68, 0.0], [11.41, 9.13, 0.0], [11.1, 9.57, 0.0], [10.78, 10.0, 0.0], [10.44, 10.42, 0.0], [10.09, 10.82, 0.0], [9.72, 11.22, 0.0], [9.34, 11.6, 0.0], [8.94, 11.97, 0.0], [8.54, 12.32, 0.0], [8.12, 12.66, 0.0], [7.69, 12.98, 0.0], [7.25, 13.29, 0.0], [6.8, 13.59, 0.0], [6.34, 13.86, 0.0], [5.86, 14.12, 0.0], [5.38, 14.37, 0.0], [4.9, 14.6, 0.0], [4.4, 14.81, 0.0], [3.9, 15.0, 0.0], [3.39, 15.17, 0.0], [2.87, 15.33, 0.0], [2.35, 15.47, 0.0], [1.83, 15.59, 0.0], [1.3, 15.7, 0.0], [0.77, 15.78, 0.0], [0.23, 15.85, 0.0], [-0.3, 15.89, 0.0], [-0.84, 15.92, 0.0], [-1.38, 15.93, 0.0], [-1.92, 15.92, 0.0], [-2.46, 15.89, 0.0], [-2.99, 15.85, 0.0], [-3.53, 15.78, 0.0], [-4.06, 15.7, 0.0], [-4.59, 15.59, 0.0], [-5.11, 15.47, 0.0], [-5.63, 15.33, 0.0], [-6.15, 15.17, 0.0], [-6.66, 15.0, 0.0], [-7.16, 14.81, 0.0], [-7.66, 14.6, 0.0], [-8.14, 14.37, 0.0], [-8.62, 14.12, 0.0], [-9.09, 13.86, 0.0], [-9.56, 13.59, 0.0], [-10.01, 13.29, 0.0], [-10.45, 12.98, 0.0], [-10.88, 12.66, 0.0], [-11.3, 12.32, 0.0], [-11.7, 11.97, 0.0], [-12.1, 11.6, 0.0], [-12.48, 11.22, 0.0], [-12.85, 10.82, 0.0], [-13.2, 10.42, 0.0], [-13.54, 10.0, 0.0], [-13.86, 9.57, 0.0], [-14.17, 9.13, 0.0], [-14.47, 8.68, 0.0], [-14.74, 8.22, 0.0], [-15.0, 7.74, 0.0], [-15.25, 7.26, 0.0], [-15.48, 6.78, 0.0], [-15.69, 6.28, 0.0], [-15.88, 5.78, 0.0], [-16.05, 5.27, 0.0], [-16.21, 4.75, 0.0], [-16.35, 4.23, 0.0], [-16.47, 3.71, 0.0], [-16.58, 3.18, 0.0], [-16.66, 2.65, 0.0], [-16.73, 2.11, 0.0], [-16.77, 1.58, 0.0], [-16.8, 1.04, 0.0], [-16.81, 0.5, 0.0], [-16.8, -0.04, 0.0], [-16.77, -0.58, 0.0], [-16.73, -1.11, 0.0], [-16.66, -1.65, 0.0], [-16.58, -2.18, 0.0], [-16.47, -2.71, 0.0], [-16.35, -3.23, 0.0], [-16.21, -3.75, 0.0], [-16.05, -4.27, 0.0], [-15.88, -4.78, 0.0], [-15.69, -5.28, 0.0], [-15.48, -5.78, 0.0], [-15.25, -6.26, 0.0], [-15.0, -6.74, 0.0], [-14.74, -7.22, 0.0], [-14.47, -7.68, 0.0], [-14.17, -8.13, 0.0], [-13.86, -8.57, 0.0], [-13.54, -9.0, 0.0], [-13.2, -9.42, 0.0], [-12.85, -9.82, 0.0], [-12.48, -10.22, 0.0], [-12.1, -10.6, 0.0], [-11.7, -10.97, 0.0], [-11.3, -11.32, 0.0], [-10.88, -11.66, 0.0], [-10.45, -11.98, 0.0], [-10.01, -12.29, 0.0], [-9.56, -12.59, 0.0], [-9.1, -12.86, 0.0], [-8.62, -13.12, 0.0], [-8.14, -13.37, 0.0], [-7.66, -13.6, 0.0], [-7.16, -13.81, 0.0], [-6.66, -14.0, 0.0], [-6.15, -14.17, 0.0], [-5.63, -14.33, 0.0], [-5.11, -14.47, 0.0], [-4.59, -14.59, 0.0], [-4.06, -14.7, 0.0], [-3.53, -14.78, 0.0], [-2.99, -14.85, 0.0], [-2.46, -14.89, 0.0], [-1.92, -14.92, 0.0], [-1.38, -14.93, 0.0], [-0.84, -14.92, 0.0], [-0.3, -14.89, 0.0], [0.23, -14.85, 0.0], [0.77, -14.78, 0.0], [1.3, -14.7, 0.0], [1.83, -14.59, 0.0], [2.35, -14.47, 0.0], [2.87, -14.33, 0.0], [3.39, -14.17, 0.0], [3.9, -14.0, 0.0], [4.4, -13.81, 0.0], [4.9, -13.6, 0.0], [5.38, -13.37, 0.0], [5.86, -13.12, 0.0], [6.34, -12.86, 0.0], [6.8, -12.59, 0.0], [7.25, -12.29, 0.0], [7.69, -11.98, 0.0], [8.12, -11.66, 0.0], [8.54, -11.32, 0.0], [8.94, -10.97, 0.0], [9.34, -10.6, 0.0], [9.72, -10.22, 0.0], [10.09, -9.82, 0.0], [10.44, -9.42, 0.0], [10.78, -9.0, 0.0], [11.1, -8.57, 0.0], [11.41, -8.13, 0.0], [11.71, -7.68, 0.0], [11.98, -7.22, 0.0], [12.24, -6.74, 0.0], [12.49, -6.26, 0.0], [12.72, -5.78, 0.0], [12.93, -5.28, 0.0], [13.12, -4.78, 0.0], [13.29, -4.27, 0.0], [13.45, -3.75, 0.0], [13.59, -3.23, 0.0], [13.71, -2.71, 0.0], [13.82, -2.18, 0.0], [13.9, -1.65, 0.0], [13.97, -1.11, 0.0], [14.01, -0.58, 0.0], [14.04, -0.04, 0.0], [14.05, 0.5, 0.0], [14.04, 1.04, 0.0], [14.01, 1.58, 0.0]], "class_name": "SelectionPolygonVolume", "orthogonal_axis": "Z", "version_major": 1, "version_minor": 0}