{
	"axis_max" : -67.388551474082789,
	"axis_min" : -184.09322223991768,
	"bounding_polygon" : 
	[
		[ -5.2462881052339423, 10.831697621188788, 0.0 ],
		[ -13.416785222228482, 2.3386810231632045, 0.0 ],
		[ -9.1165235817050352, -9.7020513689743275, 0.0 ],
		[ 1.8491436016297207, -11.74467561406909, 0.0 ],
		[ 14.857435064213144, -1.531554388595292, 0.0 ],
		[ 6.6869379472185901, 11.046710699619812, 0.0 ],
		[ -5.6763142692862845, 11.046710699619812, 0.0 ]
	],
	"class_name" : "SelectionPolygonVolume",
	"orthogonal_axis" : "Z",
	"version_major" : 1,
	"version_minor" : 0
}