{"axis_max": 50.50211546866547, "axis_min": -68.7487920872869, "bounding_polygon": [[10.41, 0.0, 4.08], [10.41, 0.0, 4.36], [10.39, 0.0, 4.63], [10.37, 0.0, 4.91], [10.33, 0.0, 5.18], [10.29, 0.0, 5.46], [10.24, 0.0, 5.73], [10.17, 0.0, 6.0], [10.1, 0.0, 6.27], [10.02, 0.0, 6.53], [9.93, 0.0, 6.79], [9.83, 0.0, 7.05], [9.72, 0.0, 7.31], [9.61, 0.0, 7.56], [9.48, 0.0, 7.8], [9.35, 0.0, 8.04], [9.21, 0.0, 8.28], [9.05, 0.0, 8.51], [8.9, 0.0, 8.74], [8.73, 0.0, 8.96], [8.55, 0.0, 9.18], [8.37, 0.0, 9.39], [8.18, 0.0, 9.59], [7.99, 0.0, 9.78], [7.79, 0.0, 9.97], [7.58, 0.0, 10.15], [7.36, 0.0, 10.33], [7.14, 0.0, 10.5], [6.91, 0.0, 10.65], [6.68, 0.0, 10.81], [6.44, 0.0, 10.95], [6.2, 0.0, 11.08], [5.96, 0.0, 11.21], [5.71, 0.0, 11.32], [5.45, 0.0, 11.43], [5.19, 0.0, 11.53], [4.93, 0.0, 11.62], [4.67, 0.0, 11.7], [4.4, 0.0, 11.77], [4.13, 0.0, 11.84], [3.86, 0.0, 11.89], [3.58, 0.0, 11.93], [3.31, 0.0, 11.97], [3.03, 0.0, 11.99], [2.76, 0.0, 12.01], [2.48, 0.0, 12.01], [2.2, 0.0, 12.01], [1.93, 0.0, 11.99], [1.65, 0.0, 11.97], [1.38, 0.0, 11.93], [1.1, 0.0, 11.89], [0.83, 0.0, 11.84], [0.56, 0.0, 11.77], [0.29, 0.0, 11.7], [0.03, 0.0, 11.62], [-0.23, 0.0, 11.53], [-0.49, 0.0, 11.43], [-0.75, 0.0, 11.32], [-1.0, 0.0, 11.21], [-1.24, 0.0, 11.08], [-1.48, 0.0, 10.95], [-1.72, 0.0, 10.81], [-1.95, 0.0, 10.65], [-2.18, 0.0, 10.5], [-2.4, 0.0, 10.33], [-2.62, 0.0, 10.15], [-2.83, 0.0, 9.97], [-3.03, 0.0, 9.78], [-3.22, 0.0, 9.59], [-3.41, 0.0, 9.39], [-3.59, 0.0, 9.18], [-3.77, 0.0, 8.96], [-3.94, 0.0, 8.74], [-4.09, 0.0, 8.51], [-4.25, 0.0, 8.28], [-4.39, 0.0, 8.04], [-4.52, 0.0, 7.8], [-4.65, 0.0, 7.56], [-4.76, 0.0, 7.31], [-4.87, 0.0, 7.05], [-4.97, 0.0, 6.79], [-5.06, 0.0, 6.53], [-5.14, 0.0, 6.27], [-5.21, 0.0, 6.0], [-5.28, 0.0, 5.73], [-5.33, 0.0, 5.46], [-5.37, 0.0, 5.18], [-5.41, 0.0, 4.91], [-5.43, 0.0, 4.63], [-5.45, 0.0, 4.36], [-5.45, 0.0, 4.08], [-5.45, 0.0, 3.8], [-5.43, 0.0, 3.53], [-5.41, 0.0, 3.25], [-5.37, 0.0, 2.98], [-5.33, 0.0, 2.7], [-5.28, 0.0, 2.43], [-5.21, 0.0, 2.16], [-5.14, 0.0, 1.89], [-5.06, 0.0, 1.63], [-4.97, 0.0, 1.37], [-4.87, 0.0, 1.11], [-4.76, 0.0, 0.85], [-4.65, 0.0, 0.6], [-4.52, 0.0, 0.36], [-4.39, 0.0, 0.11], [-4.25, 0.0, -0.12], [-4.09, 0.0, -0.35], [-3.94, 0.0, -0.58], [-3.77, 0.0, -0.8], [-3.59, 0.0, -1.02], [-3.41, 0.0, -1.23], [-3.22, 0.0, -1.43], [-3.03, 0.0, -1.62], [-2.83, 0.0, -1.81], [-2.62, 0.0, -1.99], [-2.4, 0.0, -2.17], [-2.18, 0.0, -2.34], [-1.95, 0.0, -2.49], [-1.72, 0.0, -2.65], [-1.49, 0.0, -2.79], [-1.24, 0.0, -2.92], [-1.0, 0.0, -3.05], [-0.75, 0.0, -3.16], [-0.49, 0.0, -3.27], [-0.23, 0.0, -3.37], [0.03, 0.0, -3.46], [0.29, 0.0, -3.54], [0.56, 0.0, -3.61], [0.83, 0.0, -3.68], [1.1, 0.0, -3.73], [1.38, 0.0, -3.77], [1.65, 0.0, -3.81], [1.93, 0.0, -3.83], [2.2, 0.0, -3.85], [2.48, 0.0, -3.85], [2.76, 0.0, -3.85], [3.03, 0.0, -3.83], [3.31, 0.0, -3.81], [3.58, 0.0, -3.77], [3.86, 0.0, -3.73], [4.13, 0.0, -3.68], [4.4, 0.0, -3.61], [4.67, 0.0, -3.54], [4.93, 0.0, -3.46], [5.19, 0.0, -3.37], [5.45, 0.0, -3.27], [5.71, 0.0, -3.16], [5.96, 0.0, -3.05], [6.2, 0.0, -2.92], [6.44, 0.0, -2.79], [6.68, 0.0, -2.65], [6.91, 0.0, -2.49], [7.14, 0.0, -2.34], [7.36, 0.0, -2.17], [7.58, 0.0, -1.99], [7.79, 0.0, -1.81], [7.99, 0.0, -1.62], [8.18, 0.0, -1.43], [8.37, 0.0, -1.23], [8.55, 0.0, -1.02], [8.73, 0.0, -0.8], [8.9, 0.0, -0.58], [9.05, 0.0, -0.35], [9.21, 0.0, -0.12], [9.35, 0.0, 0.11], [9.48, 0.0, 0.36], [9.61, 0.0, 0.6], [9.72, 0.0, 0.85], [9.83, 0.0, 1.11], [9.93, 0.0, 1.37], [10.02, 0.0, 1.63], [10.1, 0.0, 1.89], [10.17, 0.0, 2.16], [10.24, 0.0, 2.43], [10.29, 0.0, 2.7], [10.33, 0.0, 2.98], [10.37, 0.0, 3.25], [10.39, 0.0, 3.53], [10.41, 0.0, 3.8], [10.41, 0.0, 4.08], [10.41, 0.0, 4.36], [10.39, 0.0, 4.63]], "class_name": "SelectionPolygonVolume", "orthogonal_axis": "Y", "version_major": 1, "version_minor": 0}