{
	"axis_max" : -67.387362197069876,
	"axis_min" : -184.0950972081211,
	"bounding_polygon" : 
	[
		[ 9.7454689896780202, 15.130667702945791, 0.0 ],
		[ 17.244141411623346, 15.130667702945791, 0.0 ],
		[ 17.244141411623346, 7.7376109091144842, 0.0 ],
		[ 9.7454689896780202, 7.7376109091144842, 0.0 ]
	],
	"class_name" : "SelectionPolygonVolume",
	"orthogonal_axis" : "Z",
	"version_major" : 1,
	"version_minor" : 0
}