{"axis_max": 50.50211546866547, "axis_min": -68.7487920872869, "bounding_polygon": [[28.09, 0.0, 23.25], [28.08, 0.0, 23.83], [28.05, 0.0, 24.41], [28.0, 0.0, 24.98], [27.93, 0.0, 25.55], [27.84, 0.0, 26.13], [27.73, 0.0, 26.69], [27.6, 0.0, 27.26], [27.45, 0.0, 27.81], [27.28, 0.0, 28.37], [27.09, 0.0, 28.91], [26.88, 0.0, 29.45], [26.66, 0.0, 29.99], [26.41, 0.0, 30.51], [26.15, 0.0, 31.02], [25.87, 0.0, 31.53], [25.57, 0.0, 32.03], [25.26, 0.0, 32.51], [24.93, 0.0, 32.98], [24.58, 0.0, 33.45], [24.22, 0.0, 33.89], [23.84, 0.0, 34.33], [23.44, 0.0, 34.75], [23.03, 0.0, 35.16], [22.61, 0.0, 35.56], [22.17, 0.0, 35.94], [21.73, 0.0, 36.3], [21.26, 0.0, 36.65], [20.79, 0.0, 36.98], [20.31, 0.0, 37.29], [19.81, 0.0, 37.59], [19.3, 0.0, 37.87], [18.79, 0.0, 38.13], [18.27, 0.0, 38.38], [17.73, 0.0, 38.6], [17.19, 0.0, 38.81], [16.65, 0.0, 39.0], [16.09, 0.0, 39.17], [15.54, 0.0, 39.32], [14.97, 0.0, 39.45], [14.41, 0.0, 39.56], [13.83, 0.0, 39.65], [13.26, 0.0, 39.72], [12.69, 0.0, 39.77], [12.11, 0.0, 39.8], [11.53, 0.0, 39.81], [10.95, 0.0, 39.8], [10.37, 0.0, 39.77], [9.8, 0.0, 39.72], [9.23, 0.0, 39.65], [8.65, 0.0, 39.56], [8.09, 0.0, 39.45], [7.52, 0.0, 39.32], [6.97, 0.0, 39.17], [6.41, 0.0, 39.0], [5.87, 0.0, 38.81], [5.33, 0.0, 38.6], [4.79, 0.0, 38.38], [4.27, 0.0, 38.13], [3.76, 0.0, 37.87], [3.25, 0.0, 37.59], [2.75, 0.0, 37.29], [2.27, 0.0, 36.98], [1.8, 0.0, 36.65], [1.33, 0.0, 36.3], [0.89, 0.0, 35.94], [0.45, 0.0, 35.56], [0.03, 0.0, 35.16], [-0.38, 0.0, 34.75], [-0.78, 0.0, 34.33], [-1.16, 0.0, 33.89], [-1.52, 0.0, 33.45], [-1.87, 0.0, 32.98], [-2.2, 0.0, 32.51], [-2.51, 0.0, 32.03], [-2.81, 0.0, 31.53], [-3.09, 0.0, 31.02], [-3.35, 0.0, 30.51], [-3.6, 0.0, 29.99], [-3.82, 0.0, 29.45], [-4.03, 0.0, 28.91], [-4.22, 0.0, 28.37], [-4.39, 0.0, 27.81], [-4.54, 0.0, 27.26], [-4.67, 0.0, 26.69], [-4.78, 0.0, 26.13], [-4.87, 0.0, 25.55], [-4.94, 0.0, 24.98], [-4.99, 0.0, 24.41], [-5.02, 0.0, 23.83], [-5.03, 0.0, 23.25], [-5.02, 0.0, 22.67], [-4.99, 0.0, 22.09], [-4.94, 0.0, 21.52], [-4.87, 0.0, 20.95], [-4.78, 0.0, 20.37], [-4.67, 0.0, 19.81], [-4.54, 0.0, 19.24], [-4.39, 0.0, 18.69], [-4.22, 0.0, 18.13], [-4.03, 0.0, 17.59], [-3.82, 0.0, 17.05], [-3.6, 0.0, 16.51], [-3.35, 0.0, 15.99], [-3.09, 0.0, 15.48], [-2.81, 0.0, 14.97], [-2.51, 0.0, 14.47], [-2.2, 0.0, 13.99], [-1.87, 0.0, 13.52], [-1.52, 0.0, 13.05], [-1.16, 0.0, 12.61], [-0.78, 0.0, 12.17], [-0.38, 0.0, 11.75], [0.03, 0.0, 11.34], [0.45, 0.0, 10.94], [0.89, 0.0, 10.56], [1.33, 0.0, 10.2], [1.8, 0.0, 9.85], [2.27, 0.0, 9.52], [2.75, 0.0, 9.21], [3.25, 0.0, 8.91], [3.76, 0.0, 8.63], [4.27, 0.0, 8.37], [4.79, 0.0, 8.12], [5.33, 0.0, 7.9], [5.87, 0.0, 7.69], [6.41, 0.0, 7.5], [6.97, 0.0, 7.33], [7.52, 0.0, 7.18], [8.09, 0.0, 7.05], [8.65, 0.0, 6.94], [9.23, 0.0, 6.85], [9.8, 0.0, 6.78], [10.37, 0.0, 6.73], [10.95, 0.0, 6.7], [11.53, 0.0, 6.69], [12.11, 0.0, 6.7], [12.69, 0.0, 6.73], [13.26, 0.0, 6.78], [13.83, 0.0, 6.85], [14.41, 0.0, 6.94], [14.97, 0.0, 7.05], [15.54, 0.0, 7.18], [16.09, 0.0, 7.33], [16.65, 0.0, 7.5], [17.19, 0.0, 7.69], [17.73, 0.0, 7.9], [18.27, 0.0, 8.12], [18.79, 0.0, 8.37], [19.3, 0.0, 8.63], [19.81, 0.0, 8.91], [20.31, 0.0, 9.21], [20.79, 0.0, 9.52], [21.26, 0.0, 9.85], [21.73, 0.0, 10.2], [22.17, 0.0, 10.56], [22.61, 0.0, 10.94], [23.03, 0.0, 11.34], [23.44, 0.0, 11.75], [23.84, 0.0, 12.17], [24.22, 0.0, 12.61], [24.58, 0.0, 13.05], [24.93, 0.0, 13.52], [25.26, 0.0, 13.99], [25.57, 0.0, 14.47], [25.87, 0.0, 14.97], [26.15, 0.0, 15.48], [26.41, 0.0, 15.99], [26.66, 0.0, 16.51], [26.88, 0.0, 17.05], [27.09, 0.0, 17.59], [27.28, 0.0, 18.13], [27.45, 0.0, 18.69], [27.6, 0.0, 19.24], [27.73, 0.0, 19.81], [27.84, 0.0, 20.37], [27.93, 0.0, 20.95], [28.0, 0.0, 21.52], [28.05, 0.0, 22.09], [28.08, 0.0, 22.67], [28.09, 0.0, 23.25], [28.08, 0.0, 23.83], [28.05, 0.0, 24.41]], "class_name": "SelectionPolygonVolume", "orthogonal_axis": "Y", "version_major": 1, "version_minor": 0}