{"axis_max": -67.38736219707113, "axis_min": -184.09509720812244, "bounding_polygon": [[31.59, -1.02, 0.0], [31.59, -0.81, 0.0], [31.58, -0.61, 0.0], [31.56, -0.4, 0.0], [31.53, -0.2, 0.0], [31.5, 0.01, 0.0], [31.46, 0.21, 0.0], [31.41, 0.41, 0.0], [31.36, 0.61, 0.0], [31.3, 0.81, 0.0], [31.23, 1.0, 0.0], [31.16, 1.2, 0.0], [31.08, 1.39, 0.0], [30.99, 1.58, 0.0], [30.9, 1.76, 0.0], [30.8, 1.94, 0.0], [30.69, 2.12, 0.0], [30.58, 2.29, 0.0], [30.46, 2.46, 0.0], [30.34, 2.62, 0.0], [30.2, 2.79, 0.0], [30.07, 2.94, 0.0], [29.93, 3.09, 0.0], [29.78, 3.24, 0.0], [29.63, 3.38, 0.0], [29.48, 3.51, 0.0], [29.31, 3.65, 0.0], [29.15, 3.77, 0.0], [28.98, 3.89, 0.0], [28.81, 4.0, 0.0], [28.63, 4.11, 0.0], [28.45, 4.21, 0.0], [28.27, 4.3, 0.0], [28.08, 4.39, 0.0], [27.89, 4.47, 0.0], [27.69, 4.54, 0.0], [27.5, 4.61, 0.0], [27.3, 4.67, 0.0], [27.1, 4.72, 0.0], [26.9, 4.77, 0.0], [26.7, 4.81, 0.0], [26.49, 4.84, 0.0], [26.29, 4.87, 0.0], [26.08, 4.89, 0.0], [25.88, 4.9, 0.0], [25.67, 4.9, 0.0], [25.46, 4.9, 0.0], [25.26, 4.89, 0.0], [25.05, 4.87, 0.0], [24.85, 4.84, 0.0], [24.64, 4.81, 0.0], [24.44, 4.77, 0.0], [24.24, 4.72, 0.0], [24.04, 4.67, 0.0], [23.84, 4.61, 0.0], [23.65, 4.54, 0.0], [23.45, 4.47, 0.0], [23.26, 4.39, 0.0], [23.07, 4.3, 0.0], [22.89, 4.21, 0.0], [22.71, 4.11, 0.0], [22.53, 4.0, 0.0], [22.36, 3.89, 0.0], [22.19, 3.77, 0.0], [22.03, 3.65, 0.0], [21.86, 3.51, 0.0], [21.71, 3.38, 0.0], [21.56, 3.24, 0.0], [21.41, 3.09, 0.0], [21.27, 2.94, 0.0], [21.14, 2.79, 0.0], [21.0, 2.62, 0.0], [20.88, 2.46, 0.0], [20.76, 2.29, 0.0], [20.65, 2.12, 0.0], [20.54, 1.94, 0.0], [20.44, 1.76, 0.0], [20.35, 1.58, 0.0], [20.26, 1.39, 0.0], [20.18, 1.2, 0.0], [20.11, 1.0, 0.0], [20.04, 0.81, 0.0], [19.98, 0.61, 0.0], [19.93, 0.41, 0.0], [19.88, 0.21, 0.0], [19.84, 0.01, 0.0], [19.81, -0.2, 0.0], [19.78, -0.4, 0.0], [19.76, -0.61, 0.0], [19.75, -0.81, 0.0], [19.75, -1.02, 0.0], [19.75, -1.23, 0.0], [19.76, -1.43, 0.0], [19.78, -1.64, 0.0], [19.81, -1.84, 0.0], [19.84, -2.05, 0.0], [19.88, -2.25, 0.0], [19.93, -2.45, 0.0], [19.98, -2.65, 0.0], [20.04, -2.85, 0.0], [20.11, -3.04, 0.0], [20.18, -3.24, 0.0], [20.26, -3.43, 0.0], [20.35, -3.62, 0.0], [20.44, -3.8, 0.0], [20.54, -3.98, 0.0], [20.65, -4.16, 0.0], [20.76, -4.33, 0.0], [20.88, -4.5, 0.0], [21.0, -4.66, 0.0], [21.14, -4.83, 0.0], [21.27, -4.98, 0.0], [21.41, -5.13, 0.0], [21.56, -5.28, 0.0], [21.71, -5.42, 0.0], [21.86, -5.55, 0.0], [22.03, -5.69, 0.0], [22.19, -5.81, 0.0], [22.36, -5.93, 0.0], [22.53, -6.04, 0.0], [22.71, -6.15, 0.0], [22.89, -6.25, 0.0], [23.07, -6.34, 0.0], [23.26, -6.43, 0.0], [23.45, -6.51, 0.0], [23.65, -6.58, 0.0], [23.84, -6.65, 0.0], [24.04, -6.71, 0.0], [24.24, -6.76, 0.0], [24.44, -6.81, 0.0], [24.64, -6.85, 0.0], [24.85, -6.88, 0.0], [25.05, -6.91, 0.0], [25.26, -6.93, 0.0], [25.46, -6.94, 0.0], [25.67, -6.94, 0.0], [25.88, -6.94, 0.0], [26.08, -6.93, 0.0], [26.29, -6.91, 0.0], [26.49, -6.88, 0.0], [26.7, -6.85, 0.0], [26.9, -6.81, 0.0], [27.1, -6.76, 0.0], [27.3, -6.71, 0.0], [27.5, -6.65, 0.0], [27.69, -6.58, 0.0], [27.89, -6.51, 0.0], [28.08, -6.43, 0.0], [28.27, -6.34, 0.0], [28.45, -6.25, 0.0], [28.63, -6.15, 0.0], [28.81, -6.04, 0.0], [28.98, -5.93, 0.0], [29.15, -5.81, 0.0], [29.31, -5.69, 0.0], [29.48, -5.55, 0.0], [29.63, -5.42, 0.0], [29.78, -5.28, 0.0], [29.93, -5.13, 0.0], [30.07, -4.98, 0.0], [30.2, -4.83, 0.0], [30.34, -4.66, 0.0], [30.46, -4.5, 0.0], [30.58, -4.33, 0.0], [30.69, -4.16, 0.0], [30.8, -3.98, 0.0], [30.9, -3.8, 0.0], [30.99, -3.62, 0.0], [31.08, -3.43, 0.0], [31.16, -3.24, 0.0], [31.23, -3.04, 0.0], [31.3, -2.85, 0.0], [31.36, -2.65, 0.0], [31.41, -2.45, 0.0], [31.46, -2.25, 0.0], [31.5, -2.05, 0.0], [31.53, -1.84, 0.0], [31.56, -1.64, 0.0], [31.58, -1.43, 0.0], [31.59, -1.23, 0.0], [31.59, -1.02, 0.0], [31.59, -0.81, 0.0], [31.58, -0.61, 0.0]], "class_name": "SelectionPolygonVolume", "orthogonal_axis": "Z", "version_major": 1, "version_minor": 0}