{
	"axis_max" : -67.387362197069876,
	"axis_min" : -184.0950972081211,
	"bounding_polygon" : 
	[
		[ -13.59546911243347, 14.285746926507928, 0.0 ],
		[ 14.392533589193437, 14.285746926507928, 0.0 ],
		[ 14.392533589193437, -14.230329278269943, 0.0 ],
		[ -13.59546911243347, -14.230329278269943, 0.0 ]
	],
	"class_name" : "SelectionPolygonVolume",
	"orthogonal_axis" : "Z",
	"version_major" : 1,
	"version_minor" : 0
}