{"axis_max": -67.38736219707113, "axis_min": -184.09509720812244, "bounding_polygon": [[24.38, 0.24, 0.0], [24.37, 1.03, 0.0], [24.32, 1.82, 0.0], [24.26, 2.6, 0.0], [24.16, 3.38, 0.0], [24.04, 4.16, 0.0], [23.89, 4.93, 0.0], [23.71, 5.7, 0.0], [23.51, 6.46, 0.0], [23.27, 7.22, 0.0], [23.02, 7.96, 0.0], [22.74, 8.7, 0.0], [22.43, 9.42, 0.0], [22.09, 10.14, 0.0], [21.74, 10.84, 0.0], [21.35, 11.53, 0.0], [20.95, 12.21, 0.0], [20.52, 12.87, 0.0], [20.07, 13.51, 0.0], [19.59, 14.14, 0.0], [19.1, 14.75, 0.0], [18.58, 15.35, 0.0], [18.04, 15.93, 0.0], [17.49, 16.48, 0.0], [16.91, 17.02, 0.0], [16.31, 17.54, 0.0], [15.7, 18.03, 0.0], [15.07, 18.51, 0.0], [14.43, 18.96, 0.0], [13.77, 19.39, 0.0], [13.09, 19.79, 0.0], [12.4, 20.18, 0.0], [11.7, 20.53, 0.0], [10.98, 20.87, 0.0], [10.26, 21.18, 0.0], [9.52, 21.46, 0.0], [8.78, 21.71, 0.0], [8.02, 21.95, 0.0], [7.26, 22.15, 0.0], [6.49, 22.33, 0.0], [5.72, 22.48, 0.0], [4.94, 22.6, 0.0], [4.16, 22.7, 0.0], [3.38, 22.76, 0.0], [2.59, 22.81, 0.0], [1.8, 22.82, 0.0], [1.01, 22.81, 0.0], [0.22, 22.76, 0.0], [-0.56, 22.7, 0.0], [-1.34, 22.6, 0.0], [-2.12, 22.48, 0.0], [-2.89, 22.33, 0.0], [-3.66, 22.15, 0.0], [-4.42, 21.95, 0.0], [-5.18, 21.71, 0.0], [-5.92, 21.46, 0.0], [-6.66, 21.18, 0.0], [-7.38, 20.87, 0.0], [-8.1, 20.53, 0.0], [-8.8, 20.18, 0.0], [-9.49, 19.79, 0.0], [-10.17, 19.39, 0.0], [-10.83, 18.96, 0.0], [-11.47, 18.51, 0.0], [-12.1, 18.03, 0.0], [-12.71, 17.54, 0.0], [-13.31, 17.02, 0.0], [-13.89, 16.48, 0.0], [-14.44, 15.93, 0.0], [-14.98, 15.35, 0.0], [-15.5, 14.75, 0.0], [-15.99, 14.14, 0.0], [-16.47, 13.51, 0.0], [-16.92, 12.87, 0.0], [-17.35, 12.21, 0.0], [-17.75, 11.53, 0.0], [-18.14, 10.84, 0.0], [-18.49, 10.14, 0.0], [-18.83, 9.42, 0.0], [-19.14, 8.7, 0.0], [-19.42, 7.96, 0.0], [-19.67, 7.22, 0.0], [-19.91, 6.46, 0.0], [-20.11, 5.7, 0.0], [-20.29, 4.93, 0.0], [-20.44, 4.16, 0.0], [-20.56, 3.38, 0.0], [-20.66, 2.6, 0.0], [-20.72, 1.82, 0.0], [-20.77, 1.03, 0.0], [-20.78, 0.24, 0.0], [-20.77, -0.55, 0.0], [-20.72, -1.34, 0.0], [-20.66, -2.12, 0.0], [-20.56, -2.9, 0.0], [-20.44, -3.68, 0.0], [-20.29, -4.45, 0.0], [-20.11, -5.22, 0.0], [-19.91, -5.98, 0.0], [-19.67, -6.74, 0.0], [-19.42, -7.48, 0.0], [-19.14, -8.22, 0.0], [-18.83, -8.94, 0.0], [-18.49, -9.66, 0.0], [-18.14, -10.36, 0.0], [-17.75, -11.05, 0.0], [-17.35, -11.73, 0.0], [-16.92, -12.39, 0.0], [-16.47, -13.03, 0.0], [-15.99, -13.66, 0.0], [-15.5, -14.27, 0.0], [-14.98, -14.87, 0.0], [-14.44, -15.45, 0.0], [-13.89, -16.0, 0.0], [-13.31, -16.54, 0.0], [-12.71, -17.06, 0.0], [-12.1, -17.55, 0.0], [-11.47, -18.03, 0.0], [-10.83, -18.48, 0.0], [-10.17, -18.91, 0.0], [-9.49, -19.31, 0.0], [-8.8, -19.7, 0.0], [-8.1, -20.05, 0.0], [-7.38, -20.39, 0.0], [-6.66, -20.7, 0.0], [-5.92, -20.98, 0.0], [-5.18, -21.23, 0.0], [-4.42, -21.47, 0.0], [-3.66, -21.67, 0.0], [-2.89, -21.85, 0.0], [-2.12, -22.0, 0.0], [-1.34, -22.12, 0.0], [-0.56, -22.22, 0.0], [0.22, -22.28, 0.0], [1.01, -22.33, 0.0], [1.8, -22.34, 0.0], [2.59, -22.33, 0.0], [3.38, -22.28, 0.0], [4.16, -22.22, 0.0], [4.94, -22.12, 0.0], [5.72, -22.0, 0.0], [6.49, -21.85, 0.0], [7.26, -21.67, 0.0], [8.02, -21.47, 0.0], [8.78, -21.23, 0.0], [9.52, -20.98, 0.0], [10.26, -20.7, 0.0], [10.98, -20.39, 0.0], [11.7, -20.05, 0.0], [12.4, -19.7, 0.0], [13.09, -19.31, 0.0], [13.77, -18.91, 0.0], [14.43, -18.48, 0.0], [15.07, -18.03, 0.0], [15.7, -17.55, 0.0], [16.31, -17.06, 0.0], [16.91, -16.54, 0.0], [17.49, -16.0, 0.0], [18.04, -15.45, 0.0], [18.58, -14.87, 0.0], [19.1, -14.27, 0.0], [19.59, -13.66, 0.0], [20.07, -13.03, 0.0], [20.52, -12.39, 0.0], [20.95, -11.73, 0.0], [21.35, -11.05, 0.0], [21.74, -10.36, 0.0], [22.09, -9.66, 0.0], [22.43, -8.94, 0.0], [22.74, -8.22, 0.0], [23.02, -7.48, 0.0], [23.27, -6.74, 0.0], [23.51, -5.98, 0.0], [23.71, -5.22, 0.0], [23.89, -4.45, 0.0], [24.04, -3.68, 0.0], [24.16, -2.9, 0.0], [24.26, -2.12, 0.0], [24.32, -1.34, 0.0], [24.37, -0.55, 0.0], [24.38, 0.24, 0.0], [24.37, 1.03, 0.0], [24.32, 1.82, 0.0]], "class_name": "SelectionPolygonVolume", "orthogonal_axis": "Z", "version_major": 1, "version_minor": 0}