{"axis_max": -67.38736219707113, "axis_min": -184.09509720812244, "bounding_polygon": [[22.53, 0.0, 0.0], [22.52, 0.35, 0.0], [22.51, 0.7, 0.0], [22.47, 1.05, 0.0], [22.43, 1.4, 0.0], [22.38, 1.75, 0.0], [22.31, 2.09, 0.0], [22.23, 2.43, 0.0], [22.14, 2.77, 0.0], [22.04, 3.11, 0.0], [21.92, 3.44, 0.0], [21.8, 3.77, 0.0], [21.66, 4.09, 0.0], [21.51, 4.41, 0.0], [21.35, 4.72, 0.0], [21.18, 5.03, 0.0], [21.0, 5.33, 0.0], [20.81, 5.63, 0.0], [20.61, 5.91, 0.0], [20.4, 6.19, 0.0], [20.18, 6.47, 0.0], [19.95, 6.73, 0.0], [19.71, 6.99, 0.0], [19.46, 7.24, 0.0], [19.2, 7.48, 0.0], [18.94, 7.71, 0.0], [18.66, 7.93, 0.0], [18.38, 8.14, 0.0], [18.1, 8.34, 0.0], [17.8, 8.53, 0.0], [17.5, 8.71, 0.0], [17.19, 8.88, 0.0], [16.88, 9.04, 0.0], [16.56, 9.19, 0.0], [16.24, 9.33, 0.0], [15.91, 9.45, 0.0], [15.58, 9.57, 0.0], [15.24, 9.67, 0.0], [14.9, 9.76, 0.0], [14.56, 9.84, 0.0], [14.22, 9.91, 0.0], [13.87, 9.96, 0.0], [13.52, 10.0, 0.0], [13.17, 10.04, 0.0], [12.82, 10.05, 0.0], [12.47, 10.06, 0.0], [12.12, 10.05, 0.0], [11.77, 10.04, 0.0], [11.42, 10.0, 0.0], [11.07, 9.96, 0.0], [10.72, 9.91, 0.0], [10.38, 9.84, 0.0], [10.04, 9.76, 0.0], [9.7, 9.67, 0.0], [9.36, 9.57, 0.0], [9.03, 9.45, 0.0], [8.7, 9.33, 0.0], [8.38, 9.19, 0.0], [8.06, 9.04, 0.0], [7.75, 8.88, 0.0], [7.44, 8.71, 0.0], [7.14, 8.53, 0.0], [6.84, 8.34, 0.0], [6.56, 8.14, 0.0], [6.28, 7.93, 0.0], [6.0, 7.71, 0.0], [5.74, 7.48, 0.0], [5.48, 7.24, 0.0], [5.23, 6.99, 0.0], [4.99, 6.73, 0.0], [4.76, 6.47, 0.0], [4.54, 6.19, 0.0], [4.33, 5.91, 0.0], [4.13, 5.63, 0.0], [3.94, 5.33, 0.0], [3.76, 5.03, 0.0], [3.59, 4.72, 0.0], [3.43, 4.41, 0.0], [3.28, 4.09, 0.0], [3.14, 3.77, 0.0], [3.02, 3.44, 0.0], [2.9, 3.11, 0.0], [2.8, 2.77, 0.0], [2.71, 2.43, 0.0], [2.63, 2.09, 0.0], [2.56, 1.75, 0.0], [2.51, 1.4, 0.0], [2.47, 1.05, 0.0], [2.43, 0.7, 0.0], [2.42, 0.35, 0.0], [2.41, 0.0, 0.0], [2.42, -0.35, 0.0], [2.43, -0.7, 0.0], [2.47, -1.05, 0.0], [2.51, -1.4, 0.0], [2.56, -1.75, 0.0], [2.63, -2.09, 0.0], [2.71, -2.43, 0.0], [2.8, -2.77, 0.0], [2.9, -3.11, 0.0], [3.02, -3.44, 0.0], [3.14, -3.77, 0.0], [3.28, -4.09, 0.0], [3.43, -4.41, 0.0], [3.59, -4.72, 0.0], [3.76, -5.03, 0.0], [3.94, -5.33, 0.0], [4.13, -5.63, 0.0], [4.33, -5.91, 0.0], [4.54, -6.19, 0.0], [4.76, -6.47, 0.0], [4.99, -6.73, 0.0], [5.23, -6.99, 0.0], [5.48, -7.24, 0.0], [5.74, -7.48, 0.0], [6.0, -7.71, 0.0], [6.28, -7.93, 0.0], [6.56, -8.14, 0.0], [6.84, -8.34, 0.0], [7.14, -8.53, 0.0], [7.44, -8.71, 0.0], [7.75, -8.88, 0.0], [8.06, -9.04, 0.0], [8.38, -9.19, 0.0], [8.7, -9.33, 0.0], [9.03, -9.45, 0.0], [9.36, -9.57, 0.0], [9.7, -9.67, 0.0], [10.04, -9.76, 0.0], [10.38, -9.84, 0.0], [10.72, -9.91, 0.0], [11.07, -9.96, 0.0], [11.42, -10.0, 0.0], [11.77, -10.04, 0.0], [12.12, -10.05, 0.0], [12.47, -10.06, 0.0], [12.82, -10.05, 0.0], [13.17, -10.04, 0.0], [13.52, -10.0, 0.0], [13.87, -9.96, 0.0], [14.22, -9.91, 0.0], [14.56, -9.84, 0.0], [14.9, -9.76, 0.0], [15.24, -9.67, 0.0], [15.58, -9.57, 0.0], [15.91, -9.45, 0.0], [16.24, -9.33, 0.0], [16.56, -9.19, 0.0], [16.88, -9.04, 0.0], [17.19, -8.88, 0.0], [17.5, -8.71, 0.0], [17.8, -8.53, 0.0], [18.1, -8.34, 0.0], [18.38, -8.14, 0.0], [18.66, -7.93, 0.0], [18.94, -7.71, 0.0], [19.2, -7.48, 0.0], [19.46, -7.24, 0.0], [19.71, -6.99, 0.0], [19.95, -6.73, 0.0], [20.18, -6.47, 0.0], [20.4, -6.19, 0.0], [20.61, -5.91, 0.0], [20.81, -5.63, 0.0], [21.0, -5.33, 0.0], [21.18, -5.03, 0.0], [21.35, -4.72, 0.0], [21.51, -4.41, 0.0], [21.66, -4.09, 0.0], [21.8, -3.77, 0.0], [21.92, -3.44, 0.0], [22.04, -3.11, 0.0], [22.14, -2.77, 0.0], [22.23, -2.43, 0.0], [22.31, -2.09, 0.0], [22.38, -1.75, 0.0], [22.43, -1.4, 0.0], [22.47, -1.05, 0.0], [22.51, -0.7, 0.0], [22.52, -0.35, 0.0], [22.53, -0.0, 0.0], [22.52, 0.35, 0.0], [22.51, 0.7, 0.0]], "class_name": "SelectionPolygonVolume", "orthogonal_axis": "Z", "version_major": 1, "version_minor": 0}