{
	"axis_max" : -64.168076832020347,
	"axis_min" : -185.70473989064681,
	"bounding_polygon" : 
	[
		[ -7.8656579530153108, 8.7021202342215442, 0.0 ],
		[ 6.9443130964801387, 8.7021202342215442, 0.0 ],
		[ 6.9443130964801387, -7.059920010049539, 0.0 ],
		[ -7.8656579530153108, -7.059920010049539, 0.0 ]
	],
	"class_name" : "SelectionPolygonVolume",
	"orthogonal_axis" : "Z",
	"version_major" : 1,
	"version_minor" : 0
}