{
	"axis_max" : 50.502115468665473,
	"axis_min" : -68.748792087286901,
	"bounding_polygon" : 
	[
		[ 34.573190637907139, 0.0, -35.658370822810447 ],
		[ 34.573190637907139, 0.0, 37.984232372721237 ],
		[ -37.519043213157921, 0.0, 37.984232372721237 ],
		[ -37.519043213157921, 0.0, -35.658370822810447 ]
	],
	"class_name" : "SelectionPolygonVolume",
	"orthogonal_axis" : "Y",
	"version_major" : 1,
	"version_minor" : 0
}