{
	"axis_max" : -67.387362197071127,
	"axis_min" : -184.09509720812244,
	"bounding_polygon" : 
	[
		[ -1.1328867773694113, 13.440826150070064, 0.0 ],
		[ -14.229159739640117, 0.97824469761158417, 0.0 ],
		[ -3.8788794952648837, -15.392095345872004, 0.0 ],
		[ 14.920609111865659, -3.1407440875229953, 0.0 ],
		[ 9.851084094212478, 12.067829888358533, 0.0 ],
		[ -2.0834227181793841, 13.229595955960594, 0.0 ]
	],
	"class_name" : "SelectionPolygonVolume",
	"orthogonal_axis" : "Z",
	"version_major" : 1,
	"version_minor" : 0
}