{"axis_max": -67.38736219707113, "axis_min": -184.09509720812244, "bounding_polygon": [[10.93, 1.02, 0.0], [10.93, 1.12, 0.0], [10.92, 1.22, 0.0], [10.91, 1.32, 0.0], [10.9, 1.41, 0.0], [10.89, 1.51, 0.0], [10.87, 1.61, 0.0], [10.85, 1.7, 0.0], [10.82, 1.8, 0.0], [10.79, 1.89, 0.0], [10.76, 1.99, 0.0], [10.72, 2.08, 0.0], [10.69, 2.17, 0.0], [10.64, 2.26, 0.0], [10.6, 2.35, 0.0], [10.55, 2.43, 0.0], [10.5, 2.52, 0.0], [10.45, 2.6, 0.0], [10.39, 2.68, 0.0], [10.33, 2.76, 0.0], [10.27, 2.84, 0.0], [10.2, 2.91, 0.0], [10.14, 2.99, 0.0], [10.07, 3.06, 0.0], [9.99, 3.12, 0.0], [9.92, 3.19, 0.0], [9.84, 3.25, 0.0], [9.76, 3.31, 0.0], [9.68, 3.37, 0.0], [9.6, 3.42, 0.0], [9.52, 3.47, 0.0], [9.43, 3.52, 0.0], [9.34, 3.56, 0.0], [9.25, 3.61, 0.0], [9.16, 3.64, 0.0], [9.07, 3.68, 0.0], [8.97, 3.71, 0.0], [8.88, 3.74, 0.0], [8.78, 3.77, 0.0], [8.69, 3.79, 0.0], [8.59, 3.81, 0.0], [8.49, 3.82, 0.0], [8.4, 3.83, 0.0], [8.3, 3.84, 0.0], [8.2, 3.85, 0.0], [8.1, 3.85, 0.0], [8.0, 3.85, 0.0], [7.9, 3.84, 0.0], [7.8, 3.83, 0.0], [7.71, 3.82, 0.0], [7.61, 3.81, 0.0], [7.51, 3.79, 0.0], [7.42, 3.77, 0.0], [7.32, 3.74, 0.0], [7.23, 3.71, 0.0], [7.13, 3.68, 0.0], [7.04, 3.64, 0.0], [6.95, 3.61, 0.0], [6.86, 3.56, 0.0], [6.77, 3.52, 0.0], [6.68, 3.47, 0.0], [6.6, 3.42, 0.0], [6.52, 3.37, 0.0], [6.44, 3.31, 0.0], [6.36, 3.25, 0.0], [6.28, 3.19, 0.0], [6.21, 3.12, 0.0], [6.13, 3.06, 0.0], [6.06, 2.99, 0.0], [6.0, 2.91, 0.0], [5.93, 2.84, 0.0], [5.87, 2.76, 0.0], [5.81, 2.68, 0.0], [5.75, 2.6, 0.0], [5.7, 2.52, 0.0], [5.65, 2.43, 0.0], [5.6, 2.35, 0.0], [5.56, 2.26, 0.0], [5.51, 2.17, 0.0], [5.48, 2.08, 0.0], [5.44, 1.99, 0.0], [5.41, 1.89, 0.0], [5.38, 1.8, 0.0], [5.35, 1.7, 0.0], [5.33, 1.61, 0.0], [5.31, 1.51, 0.0], [5.3, 1.41, 0.0], [5.29, 1.32, 0.0], [5.28, 1.22, 0.0], [5.27, 1.12, 0.0], [5.27, 1.02, 0.0], [5.27, 0.92, 0.0], [5.28, 0.82, 0.0], [5.29, 0.72, 0.0], [5.3, 0.63, 0.0], [5.31, 0.53, 0.0], [5.33, 0.43, 0.0], [5.35, 0.34, 0.0], [5.38, 0.24, 0.0], [5.41, 0.15, 0.0], [5.44, 0.05, 0.0], [5.48, -0.04, 0.0], [5.51, -0.13, 0.0], [5.56, -0.22, 0.0], [5.6, -0.31, 0.0], [5.65, -0.4, 0.0], [5.7, -0.48, 0.0], [5.75, -0.56, 0.0], [5.81, -0.64, 0.0], [5.87, -0.72, 0.0], [5.93, -0.8, 0.0], [6.0, -0.87, 0.0], [6.06, -0.95, 0.0], [6.13, -1.02, 0.0], [6.21, -1.08, 0.0], [6.28, -1.15, 0.0], [6.36, -1.21, 0.0], [6.44, -1.27, 0.0], [6.52, -1.33, 0.0], [6.6, -1.38, 0.0], [6.68, -1.43, 0.0], [6.77, -1.48, 0.0], [6.86, -1.52, 0.0], [6.95, -1.57, 0.0], [7.04, -1.6, 0.0], [7.13, -1.64, 0.0], [7.23, -1.67, 0.0], [7.32, -1.7, 0.0], [7.42, -1.73, 0.0], [7.51, -1.75, 0.0], [7.61, -1.77, 0.0], [7.71, -1.78, 0.0], [7.8, -1.79, 0.0], [7.9, -1.8, 0.0], [8.0, -1.81, 0.0], [8.1, -1.81, 0.0], [8.2, -1.81, 0.0], [8.3, -1.8, 0.0], [8.4, -1.79, 0.0], [8.49, -1.78, 0.0], [8.59, -1.77, 0.0], [8.69, -1.75, 0.0], [8.78, -1.73, 0.0], [8.88, -1.7, 0.0], [8.97, -1.67, 0.0], [9.07, -1.64, 0.0], [9.16, -1.6, 0.0], [9.25, -1.57, 0.0], [9.34, -1.52, 0.0], [9.43, -1.48, 0.0], [9.52, -1.43, 0.0], [9.6, -1.38, 0.0], [9.68, -1.33, 0.0], [9.76, -1.27, 0.0], [9.84, -1.21, 0.0], [9.92, -1.15, 0.0], [9.99, -1.08, 0.0], [10.07, -1.02, 0.0], [10.14, -0.95, 0.0], [10.2, -0.87, 0.0], [10.27, -0.8, 0.0], [10.33, -0.72, 0.0], [10.39, -0.64, 0.0], [10.45, -0.56, 0.0], [10.5, -0.48, 0.0], [10.55, -0.4, 0.0], [10.6, -0.31, 0.0], [10.64, -0.22, 0.0], [10.69, -0.13, 0.0], [10.72, -0.04, 0.0], [10.76, 0.05, 0.0], [10.79, 0.15, 0.0], [10.82, 0.24, 0.0], [10.85, 0.34, 0.0], [10.87, 0.43, 0.0], [10.89, 0.53, 0.0], [10.9, 0.63, 0.0], [10.91, 0.72, 0.0], [10.92, 0.82, 0.0], [10.93, 0.92, 0.0], [10.93, 1.02, 0.0], [10.93, 1.12, 0.0], [10.92, 1.22, 0.0]], "class_name": "SelectionPolygonVolume", "orthogonal_axis": "Z", "version_major": 1, "version_minor": 0}