{"axis_max": -67.38736219707113, "axis_min": -184.09509720812244, "bounding_polygon": [[-5.7, 0.0, 0.0], [-5.7, 0.16, 0.0], [-5.71, 0.32, 0.0], [-5.72, 0.47, 0.0], [-5.74, 0.63, 0.0], [-5.77, 0.78, 0.0], [-5.8, 0.94, 0.0], [-5.83, 1.09, 0.0], [-5.88, 1.25, 0.0], [-5.92, 1.4, 0.0], [-5.97, 1.55, 0.0], [-6.03, 1.69, 0.0], [-6.09, 1.84, 0.0], [-6.16, 1.98, 0.0], [-6.23, 2.12, 0.0], [-6.31, 2.26, 0.0], [-6.39, 2.4, 0.0], [-6.47, 2.53, 0.0], [-6.56, 2.66, 0.0], [-6.66, 2.78, 0.0], [-6.76, 2.91, 0.0], [-6.86, 3.02, 0.0], [-6.97, 3.14, 0.0], [-7.08, 3.25, 0.0], [-7.2, 3.36, 0.0], [-7.31, 3.46, 0.0], [-7.44, 3.56, 0.0], [-7.56, 3.66, 0.0], [-7.69, 3.75, 0.0], [-7.82, 3.83, 0.0], [-7.96, 3.91, 0.0], [-8.1, 3.99, 0.0], [-8.24, 4.06, 0.0], [-8.38, 4.13, 0.0], [-8.53, 4.19, 0.0], [-8.67, 4.25, 0.0], [-8.82, 4.3, 0.0], [-8.97, 4.34, 0.0], [-9.13, 4.39, 0.0], [-9.28, 4.42, 0.0], [-9.44, 4.45, 0.0], [-9.59, 4.48, 0.0], [-9.75, 4.5, 0.0], [-9.9, 4.51, 0.0], [-10.06, 4.52, 0.0], [-10.22, 4.52, 0.0], [-10.38, 4.52, 0.0], [-10.54, 4.51, 0.0], [-10.69, 4.5, 0.0], [-10.85, 4.48, 0.0], [-11.0, 4.45, 0.0], [-11.16, 4.42, 0.0], [-11.31, 4.39, 0.0], [-11.47, 4.34, 0.0], [-11.62, 4.3, 0.0], [-11.77, 4.25, 0.0], [-11.91, 4.19, 0.0], [-12.06, 4.13, 0.0], [-12.2, 4.06, 0.0], [-12.34, 3.99, 0.0], [-12.48, 3.91, 0.0], [-12.62, 3.83, 0.0], [-12.75, 3.75, 0.0], [-12.88, 3.66, 0.0], [-13.0, 3.56, 0.0], [-13.13, 3.46, 0.0], [-13.24, 3.36, 0.0], [-13.36, 3.25, 0.0], [-13.47, 3.14, 0.0], [-13.58, 3.02, 0.0], [-13.68, 2.91, 0.0], [-13.78, 2.78, 0.0], [-13.88, 2.66, 0.0], [-13.97, 2.53, 0.0], [-14.05, 2.4, 0.0], [-14.13, 2.26, 0.0], [-14.21, 2.12, 0.0], [-14.28, 1.98, 0.0], [-14.35, 1.84, 0.0], [-14.41, 1.69, 0.0], [-14.47, 1.55, 0.0], [-14.52, 1.4, 0.0], [-14.56, 1.25, 0.0], [-14.61, 1.09, 0.0], [-14.64, 0.94, 0.0], [-14.67, 0.78, 0.0], [-14.7, 0.63, 0.0], [-14.72, 0.47, 0.0], [-14.73, 0.32, 0.0], [-14.74, 0.16, 0.0], [-14.74, 0.0, 0.0], [-14.74, -0.16, 0.0], [-14.73, -0.32, 0.0], [-14.72, -0.47, 0.0], [-14.7, -0.63, 0.0], [-14.67, -0.78, 0.0], [-14.64, -0.94, 0.0], [-14.61, -1.09, 0.0], [-14.56, -1.25, 0.0], [-14.52, -1.4, 0.0], [-14.47, -1.55, 0.0], [-14.41, -1.69, 0.0], [-14.35, -1.84, 0.0], [-14.28, -1.98, 0.0], [-14.21, -2.12, 0.0], [-14.13, -2.26, 0.0], [-14.05, -2.4, 0.0], [-13.97, -2.53, 0.0], [-13.88, -2.66, 0.0], [-13.78, -2.78, 0.0], [-13.68, -2.91, 0.0], [-13.58, -3.02, 0.0], [-13.47, -3.14, 0.0], [-13.36, -3.25, 0.0], [-13.24, -3.36, 0.0], [-13.13, -3.46, 0.0], [-13.0, -3.56, 0.0], [-12.88, -3.66, 0.0], [-12.75, -3.75, 0.0], [-12.62, -3.83, 0.0], [-12.48, -3.91, 0.0], [-12.34, -3.99, 0.0], [-12.2, -4.06, 0.0], [-12.06, -4.13, 0.0], [-11.91, -4.19, 0.0], [-11.77, -4.25, 0.0], [-11.62, -4.3, 0.0], [-11.47, -4.34, 0.0], [-11.31, -4.39, 0.0], [-11.16, -4.42, 0.0], [-11.0, -4.45, 0.0], [-10.85, -4.48, 0.0], [-10.69, -4.5, 0.0], [-10.54, -4.51, 0.0], [-10.38, -4.52, 0.0], [-10.22, -4.52, 0.0], [-10.06, -4.52, 0.0], [-9.9, -4.51, 0.0], [-9.75, -4.5, 0.0], [-9.59, -4.48, 0.0], [-9.44, -4.45, 0.0], [-9.28, -4.42, 0.0], [-9.13, -4.39, 0.0], [-8.97, -4.34, 0.0], [-8.82, -4.3, 0.0], [-8.67, -4.25, 0.0], [-8.53, -4.19, 0.0], [-8.38, -4.13, 0.0], [-8.24, -4.06, 0.0], [-8.1, -3.99, 0.0], [-7.96, -3.91, 0.0], [-7.82, -3.83, 0.0], [-7.69, -3.75, 0.0], [-7.56, -3.66, 0.0], [-7.44, -3.56, 0.0], [-7.31, -3.46, 0.0], [-7.2, -3.36, 0.0], [-7.08, -3.25, 0.0], [-6.97, -3.14, 0.0], [-6.86, -3.02, 0.0], [-6.76, -2.91, 0.0], [-6.66, -2.78, 0.0], [-6.56, -2.66, 0.0], [-6.47, -2.53, 0.0], [-6.39, -2.4, 0.0], [-6.31, -2.26, 0.0], [-6.23, -2.12, 0.0], [-6.16, -1.98, 0.0], [-6.09, -1.84, 0.0], [-6.03, -1.69, 0.0], [-5.97, -1.55, 0.0], [-5.92, -1.4, 0.0], [-5.88, -1.25, 0.0], [-5.83, -1.09, 0.0], [-5.8, -0.94, 0.0], [-5.77, -0.78, 0.0], [-5.74, -0.63, 0.0], [-5.72, -0.47, 0.0], [-5.71, -0.32, 0.0], [-5.7, -0.16, 0.0], [-5.7, -0.0, 0.0], [-5.7, 0.16, 0.0], [-5.71, 0.32, 0.0]], "class_name": "SelectionPolygonVolume", "orthogonal_axis": "Z", "version_major": 1, "version_minor": 0}