{"axis_max": -67.38736219707113, "axis_min": -184.09509720812244, "bounding_polygon": [[7.71, 20.37, 0.0], [7.71, 20.62, 0.0], [7.69, 20.87, 0.0], [7.67, 21.11, 0.0], [7.64, 21.36, 0.0], [7.6, 21.6, 0.0], [7.55, 21.85, 0.0], [7.5, 22.09, 0.0], [7.43, 22.33, 0.0], [7.36, 22.56, 0.0], [7.28, 22.8, 0.0], [7.19, 23.03, 0.0], [7.1, 23.26, 0.0], [6.99, 23.48, 0.0], [6.88, 23.7, 0.0], [6.76, 23.92, 0.0], [6.63, 24.13, 0.0], [6.5, 24.34, 0.0], [6.35, 24.54, 0.0], [6.2, 24.74, 0.0], [6.05, 24.93, 0.0], [5.89, 25.12, 0.0], [5.72, 25.3, 0.0], [5.54, 25.48, 0.0], [5.36, 25.65, 0.0], [5.17, 25.81, 0.0], [4.98, 25.96, 0.0], [4.78, 26.11, 0.0], [4.58, 26.26, 0.0], [4.37, 26.39, 0.0], [4.16, 26.52, 0.0], [3.94, 26.64, 0.0], [3.72, 26.75, 0.0], [3.5, 26.86, 0.0], [3.27, 26.95, 0.0], [3.04, 27.04, 0.0], [2.8, 27.12, 0.0], [2.57, 27.19, 0.0], [2.33, 27.26, 0.0], [2.09, 27.31, 0.0], [1.84, 27.36, 0.0], [1.6, 27.4, 0.0], [1.35, 27.43, 0.0], [1.11, 27.45, 0.0], [0.86, 27.47, 0.0], [0.61, 27.47, 0.0], [0.36, 27.47, 0.0], [0.11, 27.45, 0.0], [-0.13, 27.43, 0.0], [-0.38, 27.4, 0.0], [-0.62, 27.36, 0.0], [-0.87, 27.31, 0.0], [-1.11, 27.26, 0.0], [-1.35, 27.19, 0.0], [-1.58, 27.12, 0.0], [-1.82, 27.04, 0.0], [-2.05, 26.95, 0.0], [-2.28, 26.86, 0.0], [-2.5, 26.75, 0.0], [-2.72, 26.64, 0.0], [-2.94, 26.52, 0.0], [-3.15, 26.39, 0.0], [-3.36, 26.26, 0.0], [-3.56, 26.11, 0.0], [-3.76, 25.96, 0.0], [-3.95, 25.81, 0.0], [-4.14, 25.65, 0.0], [-4.32, 25.48, 0.0], [-4.5, 25.3, 0.0], [-4.67, 25.12, 0.0], [-4.83, 24.93, 0.0], [-4.98, 24.74, 0.0], [-5.13, 24.54, 0.0], [-5.28, 24.34, 0.0], [-5.41, 24.13, 0.0], [-5.54, 23.92, 0.0], [-5.66, 23.7, 0.0], [-5.77, 23.48, 0.0], [-5.88, 23.26, 0.0], [-5.97, 23.03, 0.0], [-6.06, 22.8, 0.0], [-6.14, 22.56, 0.0], [-6.21, 22.33, 0.0], [-6.28, 22.09, 0.0], [-6.33, 21.85, 0.0], [-6.38, 21.6, 0.0], [-6.42, 21.36, 0.0], [-6.45, 21.11, 0.0], [-6.47, 20.87, 0.0], [-6.49, 20.62, 0.0], [-6.49, 20.37, 0.0], [-6.49, 20.12, 0.0], [-6.47, 19.87, 0.0], [-6.45, 19.63, 0.0], [-6.42, 19.38, 0.0], [-6.38, 19.14, 0.0], [-6.33, 18.89, 0.0], [-6.28, 18.65, 0.0], [-6.21, 18.41, 0.0], [-6.14, 18.18, 0.0], [-6.06, 17.94, 0.0], [-5.97, 17.71, 0.0], [-5.88, 17.48, 0.0], [-5.77, 17.26, 0.0], [-5.66, 17.04, 0.0], [-5.54, 16.82, 0.0], [-5.41, 16.61, 0.0], [-5.28, 16.4, 0.0], [-5.13, 16.2, 0.0], [-4.98, 16.0, 0.0], [-4.83, 15.81, 0.0], [-4.67, 15.62, 0.0], [-4.5, 15.44, 0.0], [-4.32, 15.26, 0.0], [-4.14, 15.09, 0.0], [-3.95, 14.93, 0.0], [-3.76, 14.78, 0.0], [-3.56, 14.63, 0.0], [-3.36, 14.48, 0.0], [-3.15, 14.35, 0.0], [-2.94, 14.22, 0.0], [-2.72, 14.1, 0.0], [-2.5, 13.99, 0.0], [-2.28, 13.88, 0.0], [-2.05, 13.79, 0.0], [-1.82, 13.7, 0.0], [-1.58, 13.62, 0.0], [-1.35, 13.55, 0.0], [-1.11, 13.48, 0.0], [-0.87, 13.43, 0.0], [-0.62, 13.38, 0.0], [-0.38, 13.34, 0.0], [-0.13, 13.31, 0.0], [0.11, 13.29, 0.0], [0.36, 13.27, 0.0], [0.61, 13.27, 0.0], [0.86, 13.27, 0.0], [1.11, 13.29, 0.0], [1.35, 13.31, 0.0], [1.6, 13.34, 0.0], [1.84, 13.38, 0.0], [2.09, 13.43, 0.0], [2.33, 13.48, 0.0], [2.57, 13.55, 0.0], [2.8, 13.62, 0.0], [3.04, 13.7, 0.0], [3.27, 13.79, 0.0], [3.5, 13.88, 0.0], [3.72, 13.99, 0.0], [3.94, 14.1, 0.0], [4.16, 14.22, 0.0], [4.37, 14.35, 0.0], [4.58, 14.48, 0.0], [4.78, 14.63, 0.0], [4.98, 14.78, 0.0], [5.17, 14.93, 0.0], [5.36, 15.09, 0.0], [5.54, 15.26, 0.0], [5.72, 15.44, 0.0], [5.89, 15.62, 0.0], [6.05, 15.81, 0.0], [6.2, 16.0, 0.0], [6.35, 16.2, 0.0], [6.5, 16.4, 0.0], [6.63, 16.61, 0.0], [6.76, 16.82, 0.0], [6.88, 17.04, 0.0], [6.99, 17.26, 0.0], [7.1, 17.48, 0.0], [7.19, 17.71, 0.0], [7.28, 17.94, 0.0], [7.36, 18.18, 0.0], [7.43, 18.41, 0.0], [7.5, 18.65, 0.0], [7.55, 18.89, 0.0], [7.6, 19.14, 0.0], [7.64, 19.38, 0.0], [7.67, 19.63, 0.0], [7.69, 19.87, 0.0], [7.71, 20.12, 0.0], [7.71, 20.37, 0.0], [7.71, 20.62, 0.0], [7.69, 20.87, 0.0]], "class_name": "SelectionPolygonVolume", "orthogonal_axis": "Z", "version_major": 1, "version_minor": 0}