{"axis_max": -67.38736219707113, "axis_min": -184.09509720812244, "bounding_polygon": [[11.35, 2.84, 0.0], [11.35, 3.05, 0.0], [11.34, 3.26, 0.0], [11.32, 3.47, 0.0], [11.29, 3.68, 0.0], [11.26, 3.89, 0.0], [11.22, 4.1, 0.0], [11.17, 4.3, 0.0], [11.12, 4.51, 0.0], [11.05, 4.71, 0.0], [10.99, 4.91, 0.0], [10.91, 5.11, 0.0], [10.83, 5.3, 0.0], [10.74, 5.49, 0.0], [10.64, 5.68, 0.0], [10.54, 5.86, 0.0], [10.43, 6.05, 0.0], [10.32, 6.22, 0.0], [10.19, 6.4, 0.0], [10.07, 6.56, 0.0], [9.93, 6.73, 0.0], [9.8, 6.89, 0.0], [9.65, 7.04, 0.0], [9.5, 7.19, 0.0], [9.35, 7.34, 0.0], [9.19, 7.47, 0.0], [9.02, 7.61, 0.0], [8.86, 7.73, 0.0], [8.68, 7.86, 0.0], [8.51, 7.97, 0.0], [8.33, 8.08, 0.0], [8.14, 8.18, 0.0], [7.95, 8.28, 0.0], [7.76, 8.37, 0.0], [7.57, 8.45, 0.0], [7.37, 8.53, 0.0], [7.17, 8.59, 0.0], [6.97, 8.66, 0.0], [6.76, 8.71, 0.0], [6.56, 8.76, 0.0], [6.35, 8.8, 0.0], [6.14, 8.83, 0.0], [5.93, 8.86, 0.0], [5.72, 8.88, 0.0], [5.51, 8.89, 0.0], [5.3, 8.89, 0.0], [5.09, 8.89, 0.0], [4.88, 8.88, 0.0], [4.67, 8.86, 0.0], [4.46, 8.83, 0.0], [4.25, 8.8, 0.0], [4.04, 8.76, 0.0], [3.84, 8.71, 0.0], [3.63, 8.66, 0.0], [3.43, 8.59, 0.0], [3.23, 8.53, 0.0], [3.03, 8.45, 0.0], [2.84, 8.37, 0.0], [2.65, 8.28, 0.0], [2.46, 8.18, 0.0], [2.28, 8.08, 0.0], [2.09, 7.97, 0.0], [1.92, 7.86, 0.0], [1.74, 7.73, 0.0], [1.58, 7.61, 0.0], [1.41, 7.47, 0.0], [1.25, 7.34, 0.0], [1.1, 7.19, 0.0], [0.95, 7.04, 0.0], [0.8, 6.89, 0.0], [0.67, 6.73, 0.0], [0.53, 6.56, 0.0], [0.41, 6.4, 0.0], [0.28, 6.22, 0.0], [0.17, 6.05, 0.0], [0.06, 5.86, 0.0], [-0.04, 5.68, 0.0], [-0.14, 5.49, 0.0], [-0.23, 5.3, 0.0], [-0.31, 5.11, 0.0], [-0.39, 4.91, 0.0], [-0.45, 4.71, 0.0], [-0.52, 4.51, 0.0], [-0.57, 4.3, 0.0], [-0.62, 4.1, 0.0], [-0.66, 3.89, 0.0], [-0.69, 3.68, 0.0], [-0.72, 3.47, 0.0], [-0.74, 3.26, 0.0], [-0.75, 3.05, 0.0], [-0.75, 2.84, 0.0], [-0.75, 2.63, 0.0], [-0.74, 2.42, 0.0], [-0.72, 2.21, 0.0], [-0.69, 2.0, 0.0], [-0.66, 1.79, 0.0], [-0.62, 1.58, 0.0], [-0.57, 1.38, 0.0], [-0.52, 1.17, 0.0], [-0.45, 0.97, 0.0], [-0.39, 0.77, 0.0], [-0.31, 0.57, 0.0], [-0.23, 0.38, 0.0], [-0.14, 0.19, 0.0], [-0.04, -0.0, 0.0], [0.06, -0.19, 0.0], [0.17, -0.37, 0.0], [0.28, -0.54, 0.0], [0.41, -0.72, 0.0], [0.53, -0.88, 0.0], [0.67, -1.05, 0.0], [0.8, -1.21, 0.0], [0.95, -1.36, 0.0], [1.1, -1.51, 0.0], [1.25, -1.66, 0.0], [1.41, -1.79, 0.0], [1.58, -1.93, 0.0], [1.74, -2.05, 0.0], [1.92, -2.18, 0.0], [2.09, -2.29, 0.0], [2.27, -2.4, 0.0], [2.46, -2.5, 0.0], [2.65, -2.6, 0.0], [2.84, -2.69, 0.0], [3.03, -2.77, 0.0], [3.23, -2.85, 0.0], [3.43, -2.91, 0.0], [3.63, -2.98, 0.0], [3.84, -3.03, 0.0], [4.04, -3.08, 0.0], [4.25, -3.12, 0.0], [4.46, -3.15, 0.0], [4.67, -3.18, 0.0], [4.88, -3.2, 0.0], [5.09, -3.21, 0.0], [5.3, -3.21, 0.0], [5.51, -3.21, 0.0], [5.72, -3.2, 0.0], [5.93, -3.18, 0.0], [6.14, -3.15, 0.0], [6.35, -3.12, 0.0], [6.56, -3.08, 0.0], [6.76, -3.03, 0.0], [6.97, -2.98, 0.0], [7.17, -2.91, 0.0], [7.37, -2.85, 0.0], [7.57, -2.77, 0.0], [7.76, -2.69, 0.0], [7.95, -2.6, 0.0], [8.14, -2.5, 0.0], [8.33, -2.4, 0.0], [8.51, -2.29, 0.0], [8.68, -2.18, 0.0], [8.86, -2.05, 0.0], [9.02, -1.93, 0.0], [9.19, -1.79, 0.0], [9.35, -1.66, 0.0], [9.5, -1.51, 0.0], [9.65, -1.36, 0.0], [9.8, -1.21, 0.0], [9.93, -1.05, 0.0], [10.07, -0.88, 0.0], [10.19, -0.72, 0.0], [10.32, -0.54, 0.0], [10.43, -0.37, 0.0], [10.54, -0.19, 0.0], [10.64, -0.0, 0.0], [10.74, 0.19, 0.0], [10.83, 0.38, 0.0], [10.91, 0.57, 0.0], [10.99, 0.77, 0.0], [11.05, 0.97, 0.0], [11.12, 1.17, 0.0], [11.17, 1.38, 0.0], [11.22, 1.58, 0.0], [11.26, 1.79, 0.0], [11.29, 2.0, 0.0], [11.32, 2.21, 0.0], [11.34, 2.42, 0.0], [11.35, 2.63, 0.0], [11.35, 2.84, 0.0], [11.35, 3.05, 0.0], [11.34, 3.26, 0.0]], "class_name": "SelectionPolygonVolume", "orthogonal_axis": "Z", "version_major": 1, "version_minor": 0}