{"axis_max": -67.38736219707113, "axis_min": -184.09509720812244, "bounding_polygon": [[41.04, 10.75, 0.0], [41.02, 12.15, 0.0], [40.94, 13.55, 0.0], [40.82, 14.94, 0.0], [40.65, 16.33, 0.0], [40.43, 17.72, 0.0], [40.16, 19.09, 0.0], [39.85, 20.45, 0.0], [39.49, 21.81, 0.0], [39.08, 23.14, 0.0], [38.62, 24.47, 0.0], [38.12, 25.78, 0.0], [37.57, 27.06, 0.0], [36.98, 28.33, 0.0], [36.35, 29.58, 0.0], [35.67, 30.8, 0.0], [34.95, 32.01, 0.0], [34.18, 33.18, 0.0], [33.38, 34.33, 0.0], [32.54, 35.44, 0.0], [31.66, 36.53, 0.0], [30.74, 37.59, 0.0], [29.78, 38.61, 0.0], [28.79, 39.6, 0.0], [27.77, 40.56, 0.0], [26.71, 41.48, 0.0], [25.62, 42.36, 0.0], [24.51, 43.2, 0.0], [23.36, 44.0, 0.0], [22.19, 44.77, 0.0], [20.99, 45.49, 0.0], [19.76, 46.17, 0.0], [18.51, 46.8, 0.0], [17.24, 47.39, 0.0], [15.96, 47.94, 0.0], [14.65, 48.44, 0.0], [13.32, 48.9, 0.0], [11.99, 49.31, 0.0], [10.63, 49.67, 0.0], [9.27, 49.98, 0.0], [7.9, 50.25, 0.0], [6.51, 50.47, 0.0], [5.12, 50.64, 0.0], [3.73, 50.76, 0.0], [2.33, 50.84, 0.0], [0.93, 50.86, 0.0], [-0.47, 50.84, 0.0], [-1.87, 50.76, 0.0], [-3.26, 50.64, 0.0], [-4.65, 50.47, 0.0], [-6.04, 50.25, 0.0], [-7.41, 49.98, 0.0], [-8.77, 49.67, 0.0], [-10.13, 49.31, 0.0], [-11.46, 48.9, 0.0], [-12.79, 48.44, 0.0], [-14.1, 47.94, 0.0], [-15.38, 47.39, 0.0], [-16.65, 46.8, 0.0], [-17.9, 46.17, 0.0], [-19.12, 45.49, 0.0], [-20.33, 44.77, 0.0], [-21.5, 44.0, 0.0], [-22.65, 43.2, 0.0], [-23.76, 42.36, 0.0], [-24.85, 41.48, 0.0], [-25.91, 40.56, 0.0], [-26.93, 39.6, 0.0], [-27.92, 38.61, 0.0], [-28.88, 37.59, 0.0], [-29.8, 36.53, 0.0], [-30.68, 35.44, 0.0], [-31.52, 34.33, 0.0], [-32.32, 33.18, 0.0], [-33.09, 32.01, 0.0], [-33.81, 30.8, 0.0], [-34.49, 29.58, 0.0], [-35.12, 28.33, 0.0], [-35.71, 27.06, 0.0], [-36.26, 25.78, 0.0], [-36.76, 24.47, 0.0], [-37.22, 23.14, 0.0], [-37.63, 21.81, 0.0], [-37.99, 20.45, 0.0], [-38.3, 19.09, 0.0], [-38.57, 17.72, 0.0], [-38.79, 16.33, 0.0], [-38.96, 14.94, 0.0], [-39.08, 13.55, 0.0], [-39.16, 12.15, 0.0], [-39.18, 10.75, 0.0], [-39.16, 9.35, 0.0], [-39.08, 7.95, 0.0], [-38.96, 6.56, 0.0], [-38.79, 5.17, 0.0], [-38.57, 3.78, 0.0], [-38.3, 2.41, 0.0], [-37.99, 1.05, 0.0], [-37.63, -0.31, 0.0], [-37.22, -1.64, 0.0], [-36.76, -2.97, 0.0], [-36.26, -4.28, 0.0], [-35.71, -5.56, 0.0], [-35.12, -6.83, 0.0], [-34.49, -8.08, 0.0], [-33.81, -9.31, 0.0], [-33.09, -10.51, 0.0], [-32.32, -11.68, 0.0], [-31.52, -12.83, 0.0], [-30.68, -13.94, 0.0], [-29.8, -15.03, 0.0], [-28.88, -16.09, 0.0], [-27.92, -17.11, 0.0], [-26.93, -18.1, 0.0], [-25.91, -19.06, 0.0], [-24.85, -19.98, 0.0], [-23.76, -20.86, 0.0], [-22.65, -21.7, 0.0], [-21.5, -22.5, 0.0], [-20.33, -23.27, 0.0], [-19.13, -23.99, 0.0], [-17.9, -24.67, 0.0], [-16.65, -25.3, 0.0], [-15.38, -25.89, 0.0], [-14.1, -26.44, 0.0], [-12.79, -26.94, 0.0], [-11.46, -27.4, 0.0], [-10.13, -27.81, 0.0], [-8.77, -28.17, 0.0], [-7.41, -28.48, 0.0], [-6.04, -28.75, 0.0], [-4.65, -28.97, 0.0], [-3.26, -29.14, 0.0], [-1.87, -29.26, 0.0], [-0.47, -29.34, 0.0], [0.93, -29.36, 0.0], [2.33, -29.34, 0.0], [3.73, -29.26, 0.0], [5.12, -29.14, 0.0], [6.51, -28.97, 0.0], [7.9, -28.75, 0.0], [9.27, -28.48, 0.0], [10.63, -28.17, 0.0], [11.99, -27.81, 0.0], [13.32, -27.4, 0.0], [14.65, -26.94, 0.0], [15.96, -26.44, 0.0], [17.24, -25.89, 0.0], [18.51, -25.3, 0.0], [19.76, -24.67, 0.0], [20.99, -23.99, 0.0], [22.19, -23.27, 0.0], [23.36, -22.5, 0.0], [24.51, -21.7, 0.0], [25.62, -20.86, 0.0], [26.71, -19.98, 0.0], [27.77, -19.06, 0.0], [28.79, -18.1, 0.0], [29.78, -17.11, 0.0], [30.74, -16.09, 0.0], [31.66, -15.03, 0.0], [32.54, -13.94, 0.0], [33.38, -12.83, 0.0], [34.18, -11.68, 0.0], [34.95, -10.51, 0.0], [35.67, -9.31, 0.0], [36.35, -8.08, 0.0], [36.98, -6.83, 0.0], [37.57, -5.56, 0.0], [38.12, -4.28, 0.0], [38.62, -2.97, 0.0], [39.08, -1.64, 0.0], [39.49, -0.31, 0.0], [39.85, 1.05, 0.0], [40.16, 2.41, 0.0], [40.43, 3.78, 0.0], [40.65, 5.17, 0.0], [40.82, 6.56, 0.0], [40.94, 7.95, 0.0], [41.02, 9.35, 0.0], [41.04, 10.75, 0.0], [41.02, 12.15, 0.0], [40.94, 13.55, 0.0]], "class_name": "SelectionPolygonVolume", "orthogonal_axis": "Z", "version_major": 1, "version_minor": 0}