{
	"axis_max" : -64.6802978515625,
	"axis_min" : -184.6802978515625,
	"bounding_polygon" : 
	[
		[ 29.235231476025145, 12.36472083216924, 0.0 ],
		[ 32.064447425317923, 13.726935839103144, 0.0 ],
		[ 34.579306046911469, -0.62871461858487432, 0.0 ],
		[ 31.330946994019794, -15.08915084603704, 0.0 ],
		[ 20.642797852247163, -28.082586296791153, 0.0 ],
		[ 10.164220262273981, -33.112303245470166, 0.0 ],
		[ -10.164220262273981, -33.112303245470166, 0.0 ],
		[ -19.594940093249836, -28.082586296791153, 0.0 ],
		[ -30.702232338621396, -16.556151622735083, 0.0 ],
		[ -34.998449150510396, 0.20957153952829563, 0.0 ],
		[ -30.807018114521131, 16.346580083206796, 0.0 ],
		[ -20.32844052454795, 27.977800527027007, 0.0 ],
		[ -3.877073708290077, 34.264946712875776, 0.0 ],
		[ 9.1163625032766564, 33.217089015234308, 0.0 ],
		[ 20.747583628146888, 28.082586296791149, 0.0 ],
		[ 28.396945268827295, 20.0140820249519, 0.0 ],
		[ 26.301229750832668, 18.756652787782151, 0.0 ],
		[ 14.565222850062709, 28.920872454904316, 0.0 ],
		[ 2.0957155179946274, 32.588374396649435, 0.0 ],
		[ -8.2780762960788046, 31.016587850187236, 0.0 ],
		[ -18.232725006553324, 26.720371289857258, 0.0 ],
		[ -25.358157767735079, 20.747582413300925, 0.0 ],
		[ -29.654374579624083, 13.517364299574847, 0.0 ],
		[ -31.435732769919518, 3.8770734812734, 0.0 ],
		[ -31.645304321718982, -6.8110750346694946, 0.0 ],
		[ -27.977802165228368, -15.298722385565329, 0.0 ],
		[ -18.65186811015225, -26.406013980564815, 0.0 ],
		[ -5.5536461226857785, -31.54051669900797, 0.0 ],
		[ 11.945578452569409, -30.597444771130657, 0.0 ],
		[ 22.005012938943665, -22.633726269055558, 0.0 ],
		[ 28.920874148325968, -13.517364299574847, 0.0 ],
		[ 31.645304321718992, -1.2574292371697549, 0.0 ],
		[ 30.387875010922194, 9.430719278773152, 0.0 ],
		[ 29.340017251924891, 12.574292371697537, 0.0 ]
	],
	"class_name" : "SelectionPolygonVolume",
	"orthogonal_axis" : "Z",
	"version_major" : 1,
	"version_minor" : 0
}